complaint_id,shipment_id,complaint_date,category,sentiment,region,resolution_time_hours,assigned_team,escalation_level,resolved,customer_satisfaction_after_resolution
CMP200000,SHP101923,2025-09-13,Poor Communication,Negative,Alexandria,11.2,Customer Success,1,True,4.0
CMP200001,SHP104359,2025-01-16,Poor Communication,Neutral,Suez,4.3,Customer Success,1,False,
CMP200002,SHP101839,2025-12-14,Damaged Package,Neutral,Giza,53.3,Claims & Damage,3,True,4.0
CMP200003,SHP103653,2025-09-16,Damaged Package,Negative,Upper Egypt,45.9,Claims & Damage,2,True,4.0
CMP200004,SHP102681,2025-08-03,Wrong Item,Neutral,Upper Egypt,5.9,Fulfillment QA,1,False,
CMP200005,SHP101149,2025-12-17,Poor Communication,Negative,Cairo,8.6,Customer Success,1,True,5.0
CMP200006,SHP104533,2025-04-09,Poor Communication,Negative,Cairo,18.3,Customer Success,1,True,5.0
CMP200007,SHP104417,2025-03-17,Lost Shipment,Negative,Delta,124.1,Claims & Damage,3,True,2.0
CMP200008,SHP103838,2025-02-13,Wrong Item,Positive,Giza,9.2,Fulfillment QA,1,False,
CMP200009,SHP103423,2025-07-22,Poor Communication,Negative,Delta,9.7,Customer Success,1,True,5.0
CMP200010,SHP102293,2025-04-03,Wrong Item,Neutral,Cairo,29.8,Fulfillment QA,1,True,4.0
CMP200011,SHP100667,2025-12-29,Wrong Item,Neutral,Giza,32.9,Fulfillment QA,1,True,5.0
CMP200012,SHP102153,2025-03-25,Wrong Item,Negative,Cairo,28.8,Fulfillment QA,1,True,4.0
CMP200013,SHP103740,2025-07-17,Poor Communication,Negative,Delta,17.1,Customer Success,1,True,5.0
CMP200014,SHP102467,2025-08-30,Lost Shipment,Negative,Cairo,85.6,Claims & Damage,3,True,3.0
CMP200015,SHP104911,2025-07-28,Late Delivery,Negative,Delta,53.7,Logistics Support,1,True,4.0
CMP200016,SHP103244,2025-06-24,Poor Communication,Neutral,Cairo,9.9,Customer Success,1,True,4.0
CMP200017,SHP100824,2025-09-26,Damaged Package,Negative,Giza,36.7,Claims & Damage,2,True,4.0
CMP200018,SHP100380,2025-04-18,Late Delivery,Negative,Upper Egypt,38.3,Logistics Support,1,True,4.0
CMP200019,SHP101061,2025-06-02,Lost Shipment,Neutral,Giza,67.0,Claims & Damage,3,True,3.0
CMP200020,SHP102775,2025-05-18,Poor Communication,Neutral,Alexandria,7.3,Customer Success,1,True,5.0
CMP200021,SHP104838,2025-05-06,Poor Communication,Negative,Upper Egypt,18.9,Customer Success,1,True,5.0
CMP200022,SHP104936,2025-07-23,Late Delivery,Neutral,Upper Egypt,27.6,Logistics Support,1,True,4.0
CMP200023,SHP103911,2025-11-24,Wrong Item,Negative,Alexandria,17.5,Fulfillment QA,1,True,4.0
CMP200024,SHP101231,2025-07-23,Late Delivery,Negative,Suez,51.5,Logistics Support,2,True,3.0
CMP200025,SHP104957,2025-02-14,Poor Communication,Negative,Cairo,8.4,Customer Success,1,True,4.0
CMP200026,SHP104703,2025-03-03,Poor Communication,Negative,Upper Egypt,16.9,Customer Success,1,True,4.0
CMP200027,SHP103356,2025-08-08,Wrong Item,Negative,Upper Egypt,16.3,Fulfillment QA,1,True,5.0
CMP200028,SHP100073,2025-07-09,Late Delivery,Negative,Delta,49.7,Logistics Support,1,True,4.0
CMP200029,SHP101271,2025-07-11,Poor Communication,Negative,Alexandria,18.0,Customer Success,1,True,4.0
CMP200030,SHP102503,2025-10-10,Damaged Package,Negative,Alexandria,24.8,Claims & Damage,3,False,
CMP200031,SHP101527,2025-10-06,Wrong Item,Neutral,Upper Egypt,15.8,Fulfillment QA,1,True,4.0
CMP200032,SHP103145,2025-07-21,Late Delivery,Negative,Cairo,50.6,Logistics Support,1,True,4.0
CMP200033,SHP102916,2025-07-10,Lost Shipment,Negative,Delta,35.8,Claims & Damage,3,False,
CMP200034,SHP102253,2025-11-16,Damaged Package,Negative,Upper Egypt,21.6,Claims & Damage,2,False,
CMP200035,SHP100128,2025-07-13,Poor Communication,Negative,Cairo,11.8,Customer Success,1,True,4.0
CMP200036,SHP100250,2025-09-07,Late Delivery,Negative,Giza,43.0,Logistics Support,1,True,4.0
CMP200037,SHP100818,2025-08-04,Poor Communication,Positive,Giza,10.9,Customer Success,1,True,5.0
CMP200038,SHP101275,2025-06-25,Wrong Item,Neutral,Cairo,17.8,Fulfillment QA,1,True,5.0
CMP200039,SHP103457,2025-07-09,Late Delivery,Neutral,Giza,37.5,Logistics Support,1,True,4.0
CMP200040,SHP103502,2025-03-16,Damaged Package,Negative,Cairo,35.8,Claims & Damage,2,True,4.0
CMP200041,SHP104265,2025-06-20,Late Delivery,Negative,Alexandria,30.5,Logistics Support,1,True,5.0
CMP200042,SHP100021,2025-06-14,Wrong Item,Neutral,Alexandria,15.2,Fulfillment QA,1,True,5.0
CMP200043,SHP103508,2025-03-29,Damaged Package,Negative,Alexandria,44.9,Claims & Damage,2,True,4.0
CMP200044,SHP102864,2025-12-09,Poor Communication,Negative,Upper Egypt,18.2,Customer Success,1,True,4.0
CMP200045,SHP101312,2025-06-25,Wrong Item,Negative,Cairo,14.1,Fulfillment QA,1,False,
CMP200046,SHP103067,2025-04-21,Poor Communication,Neutral,Suez,14.7,Customer Success,2,True,5.0
CMP200047,SHP100761,2025-07-24,Late Delivery,Negative,Cairo,39.9,Logistics Support,1,True,4.0
CMP200048,SHP100086,2025-07-16,Late Delivery,Negative,Cairo,42.9,Logistics Support,2,True,4.0
CMP200049,SHP102431,2025-05-14,Wrong Item,Neutral,Delta,33.4,Fulfillment QA,2,True,4.0
CMP200050,SHP103275,2025-06-06,Wrong Item,Neutral,Delta,26.5,Fulfillment QA,1,True,4.0
CMP200051,SHP102817,2025-12-13,Poor Communication,Negative,Alexandria,12.6,Customer Success,1,True,5.0
CMP200052,SHP104015,2025-12-25,Wrong Item,Negative,Cairo,37.5,Fulfillment QA,1,True,4.0
CMP200053,SHP101192,2025-05-08,Poor Communication,Positive,Cairo,11.9,Customer Success,1,True,5.0
CMP200054,SHP101729,2025-04-28,Poor Communication,Neutral,Cairo,16.9,Customer Success,1,True,4.0
CMP200055,SHP103002,2025-12-07,Poor Communication,Negative,Cairo,11.6,Customer Success,1,True,4.0
CMP200056,SHP101957,2025-12-18,Late Delivery,Negative,Cairo,32.3,Logistics Support,1,True,4.0
CMP200057,SHP103970,2025-04-21,Poor Communication,Negative,Alexandria,10.1,Customer Success,1,True,5.0
CMP200058,SHP100058,2025-10-03,Damaged Package,Negative,Giza,42.9,Claims & Damage,2,True,4.0
CMP200059,SHP103933,2025-01-28,Poor Communication,Negative,Cairo,17.1,Customer Success,1,True,5.0
CMP200060,SHP104139,2025-09-05,Poor Communication,Negative,Suez,15.0,Customer Success,1,True,5.0
CMP200061,SHP103630,2025-10-14,Damaged Package,Neutral,Upper Egypt,69.3,Claims & Damage,2,True,3.0
CMP200062,SHP102809,2025-03-12,Damaged Package,Neutral,Cairo,66.1,Claims & Damage,3,True,4.0
CMP200063,SHP101236,2025-04-02,Damaged Package,Negative,Cairo,63.2,Claims & Damage,2,True,3.0
CMP200064,SHP100757,2025-02-27,Poor Communication,Negative,Delta,9.5,Customer Success,1,True,4.0
CMP200065,SHP104500,2025-06-17,Late Delivery,Negative,Giza,22.2,Logistics Support,1,True,5.0
CMP200066,SHP104996,2025-12-07,Damaged Package,Negative,Upper Egypt,59.6,Claims & Damage,2,True,4.0
CMP200067,SHP100838,2025-04-24,Damaged Package,Negative,Suez,53.6,Claims & Damage,2,True,4.0
CMP200068,SHP101929,2025-06-14,Wrong Item,Neutral,Cairo,38.3,Fulfillment QA,1,True,4.0
CMP200069,SHP101148,2025-11-21,Poor Communication,Negative,Cairo,14.3,Customer Success,1,True,5.0
CMP200070,SHP101034,2025-12-05,Wrong Item,Negative,Cairo,32.4,Fulfillment QA,1,True,4.0
CMP200071,SHP103638,2025-11-23,Wrong Item,Negative,Upper Egypt,27.3,Fulfillment QA,1,True,4.0
CMP200072,SHP104687,2025-07-27,Late Delivery,Negative,Cairo,33.0,Logistics Support,1,True,5.0
CMP200073,SHP102021,2025-04-15,Damaged Package,Negative,Cairo,71.0,Claims & Damage,2,True,3.0
CMP200074,SHP104259,2025-08-09,Poor Communication,Negative,Suez,19.2,Customer Success,1,True,5.0
CMP200075,SHP104413,2025-10-17,Wrong Item,Negative,Giza,33.1,Fulfillment QA,1,True,4.0
CMP200076,SHP103569,2025-02-02,Damaged Package,Negative,Cairo,65.0,Claims & Damage,2,True,4.0
CMP200077,SHP103983,2025-08-24,Damaged Package,Negative,Giza,73.3,Claims & Damage,3,True,3.0
CMP200078,SHP100424,2025-03-31,Late Delivery,Negative,Giza,45.2,Logistics Support,1,True,4.0
CMP200079,SHP104020,2025-12-17,Lost Shipment,Negative,Giza,20.9,Claims & Damage,3,False,
CMP200080,SHP100769,2025-07-20,Late Delivery,Negative,Suez,54.6,Logistics Support,1,True,3.0
CMP200081,SHP104785,2025-03-27,Wrong Item,Neutral,Suez,16.0,Fulfillment QA,1,True,4.0
CMP200082,SHP101459,2025-07-04,Late Delivery,Neutral,Upper Egypt,44.2,Logistics Support,2,True,4.0
CMP200083,SHP102417,2025-07-19,Damaged Package,Negative,Cairo,54.3,Claims & Damage,2,True,4.0
CMP200084,SHP100957,2025-11-08,Wrong Item,Neutral,Cairo,29.3,Fulfillment QA,1,True,4.0
CMP200085,SHP100085,2025-07-22,Late Delivery,Negative,Cairo,37.0,Logistics Support,2,True,4.0
CMP200086,SHP103909,2025-12-08,Late Delivery,Negative,Delta,34.8,Logistics Support,1,True,4.0
CMP200087,SHP104489,2025-05-15,Poor Communication,Negative,Giza,15.2,Customer Success,1,True,4.0
CMP200088,SHP101378,2025-11-10,Wrong Item,Neutral,Cairo,16.9,Fulfillment QA,1,True,4.0
CMP200089,SHP103464,2025-12-09,Damaged Package,Negative,Upper Egypt,29.4,Claims & Damage,3,True,4.0
CMP200090,SHP101642,2025-08-26,Late Delivery,Negative,Cairo,29.5,Logistics Support,1,True,4.0
CMP200091,SHP101410,2025-07-15,Poor Communication,Neutral,Cairo,14.8,Customer Success,1,True,5.0
CMP200092,SHP104390,2025-08-01,Late Delivery,Neutral,Suez,52.5,Logistics Support,2,True,3.0
CMP200093,SHP102016,2025-12-07,Lost Shipment,Negative,Giza,94.0,Claims & Damage,3,True,3.0
CMP200094,SHP104984,2025-05-29,Wrong Item,Neutral,Giza,15.3,Fulfillment QA,1,True,5.0
CMP200095,SHP104226,2025-03-29,Damaged Package,Negative,Cairo,38.9,Claims & Damage,2,True,4.0
CMP200096,SHP104237,2025-08-05,Late Delivery,Negative,Giza,37.0,Logistics Support,1,True,5.0
CMP200097,SHP101080,2025-11-04,Poor Communication,Negative,Alexandria,12.3,Customer Success,1,True,5.0
CMP200098,SHP102115,2025-03-19,Poor Communication,Neutral,Cairo,14.8,Customer Success,1,True,5.0
CMP200099,SHP100619,2025-03-06,Damaged Package,Negative,Upper Egypt,68.1,Claims & Damage,2,True,4.0
CMP200100,SHP101888,2025-04-04,Wrong Item,Negative,Alexandria,16.0,Fulfillment QA,1,True,4.0
CMP200101,SHP104987,2025-04-09,Poor Communication,Neutral,Giza,18.3,Customer Success,1,True,4.0
CMP200102,SHP103261,2025-07-09,Poor Communication,Negative,Cairo,19.0,Customer Success,1,True,5.0
CMP200103,SHP101698,2025-07-18,Late Delivery,Negative,Cairo,45.9,Logistics Support,1,True,4.0
CMP200104,SHP101507,2025-08-02,Late Delivery,Negative,Suez,56.3,Logistics Support,1,True,3.0
CMP200105,SHP101060,2025-07-20,Late Delivery,Negative,Suez,26.6,Logistics Support,1,True,5.0
CMP200106,SHP100549,2025-08-09,Damaged Package,Negative,Upper Egypt,57.9,Claims & Damage,2,True,4.0
CMP200107,SHP100859,2025-07-28,Late Delivery,Neutral,Cairo,44.8,Logistics Support,1,True,4.0
CMP200108,SHP101842,2025-05-08,Poor Communication,Neutral,Alexandria,13.2,Customer Success,1,True,5.0
CMP200109,SHP102192,2025-03-08,Poor Communication,Positive,Suez,11.8,Customer Success,1,True,4.0
CMP200110,SHP101930,2025-08-20,Damaged Package,Negative,Delta,55.5,Claims & Damage,2,True,4.0
CMP200111,SHP100772,2025-02-09,Late Delivery,Negative,Cairo,37.4,Logistics Support,1,True,4.0
CMP200112,SHP101442,2025-06-22,Poor Communication,Neutral,Delta,13.8,Customer Success,1,True,4.0
CMP200113,SHP102296,2025-09-14,Wrong Item,Neutral,Upper Egypt,20.7,Fulfillment QA,1,True,5.0
CMP200114,SHP100411,2025-07-12,Poor Communication,Neutral,Delta,16.7,Customer Success,1,True,5.0
CMP200115,SHP100249,2025-02-05,Wrong Item,Negative,Cairo,24.8,Fulfillment QA,1,True,4.0
CMP200116,SHP104032,2025-07-28,Poor Communication,Negative,Cairo,8.2,Customer Success,1,True,4.0
CMP200117,SHP100990,2025-05-11,Poor Communication,Negative,Suez,13.6,Customer Success,2,True,5.0
CMP200118,SHP101553,2025-09-16,Poor Communication,Negative,Delta,14.9,Customer Success,1,True,5.0
CMP200119,SHP100487,2025-06-22,Poor Communication,Neutral,Cairo,12.2,Customer Success,1,True,4.0
CMP200120,SHP100932,2025-07-03,Late Delivery,Negative,Cairo,8.9,Logistics Support,1,False,
CMP200121,SHP104238,2025-07-20,Poor Communication,Neutral,Delta,17.4,Customer Success,1,True,5.0
CMP200122,SHP104631,2025-10-06,Damaged Package,Negative,Suez,56.7,Claims & Damage,2,True,4.0
CMP200123,SHP102099,2025-04-26,Poor Communication,Negative,Cairo,18.2,Customer Success,1,True,5.0
CMP200124,SHP101058,2025-07-29,Late Delivery,Negative,Delta,57.5,Logistics Support,1,True,4.0
CMP200125,SHP103593,2025-09-17,Damaged Package,Negative,Upper Egypt,21.1,Claims & Damage,2,False,
CMP200126,SHP101027,2025-04-15,Damaged Package,Negative,Giza,30.4,Claims & Damage,2,True,4.0
CMP200127,SHP103533,2025-05-01,Late Delivery,Negative,Delta,11.2,Logistics Support,1,False,
CMP200128,SHP103559,2025-07-04,Poor Communication,Neutral,Cairo,9.9,Customer Success,1,True,4.0
CMP200129,SHP104067,2025-10-07,Wrong Item,Negative,Delta,15.1,Fulfillment QA,1,True,5.0
CMP200130,SHP101291,2025-03-17,Damaged Package,Negative,Cairo,61.0,Claims & Damage,2,True,4.0
CMP200131,SHP101621,2025-02-15,Poor Communication,Negative,Delta,17.6,Customer Success,1,True,5.0
CMP200132,SHP101281,2025-03-23,Lost Shipment,Negative,Upper Egypt,49.9,Claims & Damage,3,False,
CMP200133,SHP103286,2025-08-05,Poor Communication,Positive,Cairo,9.4,Customer Success,1,True,5.0
CMP200134,SHP104890,2025-03-22,Poor Communication,Negative,Delta,10.9,Customer Success,2,True,4.0
CMP200135,SHP102148,2025-08-08,Damaged Package,Negative,Alexandria,20.9,Claims & Damage,2,False,
CMP200136,SHP101702,2025-05-05,Damaged Package,Negative,Cairo,63.7,Claims & Damage,2,True,3.0
CMP200137,SHP102953,2025-07-20,Late Delivery,Negative,Suez,45.3,Logistics Support,1,True,4.0
CMP200138,SHP101789,2025-03-02,Lost Shipment,Neutral,Upper Egypt,132.7,Claims & Damage,3,True,3.0
CMP200139,SHP100557,2025-07-23,Damaged Package,Neutral,Upper Egypt,59.9,Claims & Damage,2,True,3.0
CMP200140,SHP102557,2025-06-24,Lost Shipment,Neutral,Suez,139.3,Claims & Damage,3,True,2.0
CMP200141,SHP102985,2025-07-16,Late Delivery,Neutral,Upper Egypt,23.0,Logistics Support,1,True,5.0
CMP200142,SHP102220,2025-07-18,Late Delivery,Negative,Cairo,50.5,Logistics Support,1,True,4.0
CMP200143,SHP103915,2025-07-29,Late Delivery,Negative,Delta,41.8,Logistics Support,1,True,4.0
CMP200144,SHP103503,2025-12-25,Poor Communication,Neutral,Suez,16.1,Customer Success,1,True,5.0
CMP200145,SHP102362,2025-12-22,Lost Shipment,Negative,Cairo,152.9,Claims & Damage,3,True,1.0
CMP200146,SHP104747,2025-07-17,Poor Communication,Negative,Delta,12.1,Customer Success,2,True,4.0
CMP200147,SHP102991,2025-02-10,Poor Communication,Negative,Giza,17.8,Customer Success,1,True,5.0
CMP200148,SHP101813,2025-08-07,Late Delivery,Negative,Upper Egypt,56.2,Logistics Support,1,True,4.0
CMP200149,SHP101883,2025-06-11,Poor Communication,Positive,Giza,14.8,Customer Success,1,True,5.0
CMP200150,SHP103461,2025-11-25,Poor Communication,Neutral,Suez,16.3,Customer Success,1,True,5.0
CMP200151,SHP103820,2025-10-13,Late Delivery,Negative,Cairo,25.9,Logistics Support,1,True,4.0
CMP200152,SHP101110,2025-06-24,Late Delivery,Neutral,Giza,52.9,Logistics Support,1,True,4.0
CMP200153,SHP103928,2025-07-06,Late Delivery,Negative,Cairo,41.1,Logistics Support,1,True,4.0
CMP200154,SHP103501,2025-04-22,Poor Communication,Negative,Upper Egypt,10.8,Customer Success,1,True,5.0
CMP200155,SHP100262,2025-07-20,Late Delivery,Negative,Giza,32.0,Logistics Support,1,True,4.0
CMP200156,SHP101358,2025-08-28,Wrong Item,Negative,Upper Egypt,22.9,Fulfillment QA,1,True,4.0
CMP200157,SHP104999,2025-03-12,Poor Communication,Negative,Cairo,17.2,Customer Success,1,True,4.0
CMP200158,SHP100040,2025-10-01,Late Delivery,Neutral,Giza,39.9,Logistics Support,1,True,4.0
CMP200159,SHP104611,2025-03-22,Damaged Package,Negative,Upper Egypt,55.1,Claims & Damage,2,True,4.0
CMP200160,SHP104159,2025-10-31,Damaged Package,Negative,Delta,70.0,Claims & Damage,2,True,3.0
CMP200161,SHP103742,2025-07-19,Late Delivery,Neutral,Giza,39.2,Logistics Support,1,True,4.0
CMP200162,SHP102848,2025-07-06,Late Delivery,Negative,Cairo,48.0,Logistics Support,1,True,4.0
CMP200163,SHP101288,2025-05-12,Lost Shipment,Neutral,Delta,138.4,Claims & Damage,3,True,1.0
CMP200164,SHP100837,2025-07-12,Poor Communication,Negative,Cairo,8.1,Customer Success,2,True,5.0
CMP200165,SHP100275,2025-12-03,Damaged Package,Negative,Giza,64.6,Claims & Damage,2,True,3.0
CMP200166,SHP102866,2025-02-24,Damaged Package,Negative,Upper Egypt,49.8,Claims & Damage,2,True,4.0
CMP200167,SHP104430,2025-08-02,Wrong Item,Negative,Alexandria,34.6,Fulfillment QA,1,True,4.0
CMP200168,SHP101216,2025-09-27,Late Delivery,Negative,Cairo,28.3,Logistics Support,1,True,4.0
CMP200169,SHP103205,2025-06-11,Damaged Package,Negative,Cairo,62.5,Claims & Damage,2,True,3.0
CMP200170,SHP103907,2025-01-30,Poor Communication,Neutral,Delta,17.0,Customer Success,1,True,4.0
CMP200171,SHP101197,2025-06-08,Damaged Package,Negative,Giza,33.0,Claims & Damage,2,True,4.0
CMP200172,SHP103629,2025-07-22,Late Delivery,Negative,Cairo,34.8,Logistics Support,1,True,5.0
CMP200173,SHP102314,2025-10-23,Poor Communication,Neutral,Delta,13.2,Customer Success,1,True,4.0
CMP200174,SHP104942,2025-04-10,Wrong Item,Negative,Upper Egypt,24.1,Fulfillment QA,1,True,5.0
CMP200175,SHP103637,2025-07-13,Late Delivery,Negative,Giza,38.1,Logistics Support,1,True,4.0
CMP200176,SHP100509,2025-02-03,Poor Communication,Neutral,Cairo,13.6,Customer Success,1,True,5.0
CMP200177,SHP101555,2025-08-02,Late Delivery,Negative,Cairo,34.0,Logistics Support,1,True,5.0
CMP200178,SHP103499,2025-03-16,Damaged Package,Negative,Alexandria,76.1,Claims & Damage,2,True,3.0
CMP200179,SHP103621,2025-01-16,Damaged Package,Negative,Giza,74.6,Claims & Damage,2,True,3.0
CMP200180,SHP101978,2025-10-29,Poor Communication,Neutral,Alexandria,5.2,Customer Success,1,False,
CMP200181,SHP101304,2025-12-11,Wrong Item,Positive,Cairo,20.1,Fulfillment QA,2,True,4.0
CMP200182,SHP101634,2025-12-16,Wrong Item,Neutral,Giza,37.5,Fulfillment QA,1,True,4.0
CMP200183,SHP100418,2025-07-28,Late Delivery,Negative,Suez,52.4,Logistics Support,2,True,4.0
CMP200184,SHP101830,2025-02-24,Wrong Item,Positive,Delta,14.6,Fulfillment QA,1,True,5.0
CMP200185,SHP100833,2025-11-27,Poor Communication,Negative,Cairo,17.9,Customer Success,1,True,5.0
CMP200186,SHP101099,2025-07-01,Damaged Package,Neutral,Delta,37.4,Claims & Damage,2,True,4.0
CMP200187,SHP101161,2025-11-30,Poor Communication,Neutral,Cairo,7.7,Customer Success,1,True,4.0
CMP200188,SHP100874,2025-02-01,Wrong Item,Negative,Giza,5.1,Fulfillment QA,2,False,
CMP200189,SHP102586,2025-07-18,Late Delivery,Negative,Delta,32.8,Logistics Support,1,True,4.0
CMP200190,SHP102685,2025-08-24,Poor Communication,Negative,Upper Egypt,9.6,Customer Success,1,True,4.0
CMP200191,SHP100256,2025-07-20,Late Delivery,Negative,Suez,24.4,Logistics Support,1,True,3.0
CMP200192,SHP101664,2025-07-16,Late Delivery,Negative,Giza,41.5,Logistics Support,2,True,4.0
CMP200193,SHP102714,2025-04-08,Damaged Package,Negative,Upper Egypt,75.5,Claims & Damage,2,True,3.0
CMP200194,SHP103694,2025-03-09,Wrong Item,Neutral,Upper Egypt,10.2,Fulfillment QA,1,False,
CMP200195,SHP101137,2025-05-31,Damaged Package,Negative,Delta,69.5,Claims & Damage,2,True,4.0
CMP200196,SHP103866,2025-01-21,Poor Communication,Negative,Upper Egypt,19.0,Customer Success,1,True,5.0
CMP200197,SHP103786,2025-11-23,Wrong Item,Neutral,Alexandria,35.8,Fulfillment QA,1,True,4.0
CMP200198,SHP103841,2025-07-23,Late Delivery,Negative,Cairo,26.0,Logistics Support,1,True,5.0
CMP200199,SHP103433,2025-07-15,Late Delivery,Negative,Suez,28.8,Logistics Support,1,True,4.0
CMP200200,SHP101168,2025-08-03,Late Delivery,Neutral,Cairo,48.8,Logistics Support,1,True,4.0
CMP200201,SHP102986,2025-10-09,Wrong Item,Positive,Upper Egypt,22.2,Fulfillment QA,2,True,5.0
CMP200202,SHP101426,2025-01-25,Poor Communication,Negative,Cairo,12.1,Customer Success,1,True,4.0
CMP200203,SHP104587,2025-06-26,Late Delivery,Negative,Suez,51.4,Logistics Support,1,True,4.0
CMP200204,SHP103495,2025-11-30,Wrong Item,Neutral,Giza,22.9,Fulfillment QA,2,True,5.0
CMP200205,SHP102664,2025-12-14,Wrong Item,Neutral,Upper Egypt,26.2,Fulfillment QA,1,True,4.0
CMP200206,SHP100950,2025-07-15,Poor Communication,Neutral,Suez,16.3,Customer Success,1,True,5.0
CMP200207,SHP103006,2025-07-11,Late Delivery,Neutral,Giza,50.6,Logistics Support,1,True,3.0
CMP200208,SHP102923,2025-11-08,Damaged Package,Negative,Alexandria,43.5,Claims & Damage,2,True,3.0
CMP200209,SHP100658,2025-07-06,Late Delivery,Negative,Cairo,37.4,Logistics Support,1,True,4.0
CMP200210,SHP103582,2025-11-03,Poor Communication,Positive,Giza,10.0,Customer Success,1,True,4.0
CMP200211,SHP104590,2025-10-08,Poor Communication,Negative,Upper Egypt,15.0,Customer Success,1,True,3.0
CMP200212,SHP104662,2025-10-03,Late Delivery,Negative,Alexandria,53.5,Logistics Support,1,True,3.0
CMP200213,SHP104189,2025-08-27,Wrong Item,Positive,Cairo,12.0,Fulfillment QA,1,False,
CMP200214,SHP103832,2025-12-16,Late Delivery,Negative,Alexandria,39.2,Logistics Support,1,True,4.0
CMP200215,SHP104816,2025-07-18,Poor Communication,Negative,Upper Egypt,17.3,Customer Success,1,True,5.0
CMP200216,SHP101246,2025-10-08,Late Delivery,Negative,Cairo,47.0,Logistics Support,1,True,4.0
CMP200217,SHP102944,2025-07-27,Late Delivery,Negative,Giza,25.2,Logistics Support,1,True,4.0
CMP200218,SHP102748,2025-05-06,Poor Communication,Negative,Upper Egypt,18.8,Customer Success,1,True,5.0
CMP200219,SHP104208,2025-04-19,Wrong Item,Negative,Cairo,21.8,Fulfillment QA,2,True,5.0
CMP200220,SHP100374,2025-01-28,Late Delivery,Negative,Cairo,41.4,Logistics Support,1,True,4.0
CMP200221,SHP102684,2025-08-08,Lost Shipment,Negative,Upper Egypt,94.6,Claims & Damage,3,True,3.0
CMP200222,SHP102315,2025-03-16,Late Delivery,Neutral,Suez,51.0,Logistics Support,1,True,4.0
CMP200223,SHP104916,2025-02-24,Poor Communication,Negative,Delta,14.6,Customer Success,1,True,5.0
CMP200224,SHP104183,2025-02-07,Wrong Item,Negative,Alexandria,31.8,Fulfillment QA,1,True,4.0
CMP200225,SHP104782,2025-07-14,Damaged Package,Negative,Alexandria,43.2,Claims & Damage,3,True,4.0
CMP200226,SHP103595,2025-11-18,Wrong Item,Negative,Upper Egypt,25.4,Fulfillment QA,2,True,4.0
CMP200227,SHP101211,2025-06-12,Poor Communication,Negative,Giza,19.2,Customer Success,1,True,4.0
CMP200228,SHP101518,2025-07-10,Late Delivery,Negative,Delta,41.6,Logistics Support,1,True,5.0
CMP200229,SHP102971,2025-06-22,Wrong Item,Neutral,Upper Egypt,22.7,Fulfillment QA,1,True,5.0
CMP200230,SHP100500,2025-02-20,Wrong Item,Positive,Giza,33.1,Fulfillment QA,1,True,3.0
CMP200231,SHP102020,2025-03-12,Wrong Item,Negative,Cairo,22.2,Fulfillment QA,1,True,4.0
CMP200232,SHP102671,2025-11-29,Wrong Item,Neutral,Upper Egypt,20.2,Fulfillment QA,2,True,5.0
CMP200233,SHP102190,2025-02-23,Damaged Package,Negative,Cairo,56.4,Claims & Damage,2,True,4.0
CMP200234,SHP100167,2026-01-05,Late Delivery,Negative,Cairo,51.8,Logistics Support,1,True,4.0
CMP200235,SHP104100,2025-02-10,Lost Shipment,Neutral,Cairo,119.3,Claims & Damage,3,True,2.0
CMP200236,SHP104580,2025-07-17,Poor Communication,Negative,Upper Egypt,18.3,Customer Success,1,True,5.0
CMP200237,SHP101201,2025-09-10,Wrong Item,Negative,Upper Egypt,16.8,Fulfillment QA,1,True,5.0
CMP200238,SHP103428,2025-04-24,Poor Communication,Negative,Delta,15.5,Customer Success,1,True,5.0
CMP200239,SHP102351,2025-05-01,Lost Shipment,Negative,Alexandria,142.6,Claims & Damage,3,True,1.0
CMP200240,SHP103140,2025-07-19,Damaged Package,Negative,Giza,29.7,Claims & Damage,2,True,4.0
CMP200241,SHP100142,2025-08-31,Wrong Item,Negative,Giza,25.6,Fulfillment QA,2,True,4.0
CMP200242,SHP100261,2025-05-31,Lost Shipment,Negative,Suez,24.7,Claims & Damage,3,False,
CMP200243,SHP103416,2025-04-25,Lost Shipment,Negative,Delta,76.8,Claims & Damage,3,True,3.0
CMP200244,SHP102567,2025-07-18,Late Delivery,Negative,Cairo,34.5,Logistics Support,2,True,5.0
CMP200245,SHP104441,2025-07-19,Damaged Package,Negative,Alexandria,56.1,Claims & Damage,3,True,3.0
CMP200246,SHP102331,2025-06-25,Poor Communication,Negative,Cairo,14.1,Customer Success,1,True,5.0
CMP200247,SHP104934,2025-08-31,Damaged Package,Neutral,Cairo,50.8,Claims & Damage,2,True,3.0
CMP200248,SHP104617,2025-01-31,Poor Communication,Negative,Upper Egypt,9.4,Customer Success,2,True,5.0
CMP200249,SHP101091,2025-12-27,Late Delivery,Negative,Delta,38.2,Logistics Support,1,True,4.0
CMP200250,SHP100955,2025-09-16,Damaged Package,Negative,Cairo,23.3,Claims & Damage,3,False,
CMP200251,SHP103358,2025-09-07,Poor Communication,Negative,Cairo,13.2,Customer Success,1,True,5.0
CMP200252,SHP103216,2025-12-11,Wrong Item,Positive,Suez,8.1,Fulfillment QA,1,False,
CMP200253,SHP103157,2025-01-24,Wrong Item,Neutral,Upper Egypt,33.0,Fulfillment QA,2,True,4.0
CMP200254,SHP102316,2025-05-07,Wrong Item,Neutral,Suez,35.6,Fulfillment QA,2,True,4.0
CMP200255,SHP101045,2025-08-14,Late Delivery,Neutral,Alexandria,30.4,Logistics Support,1,True,5.0
CMP200256,SHP103365,2025-06-22,Wrong Item,Negative,Cairo,8.6,Fulfillment QA,1,False,
CMP200257,SHP103076,2025-04-02,Damaged Package,Neutral,Upper Egypt,50.7,Claims & Damage,2,True,4.0
CMP200258,SHP102320,2025-01-08,Poor Communication,Negative,Upper Egypt,15.6,Customer Success,1,True,5.0
CMP200259,SHP102591,2025-03-25,Poor Communication,Negative,Giza,6.9,Customer Success,1,False,
CMP200260,SHP100567,2025-04-29,Wrong Item,Negative,Cairo,32.7,Fulfillment QA,1,True,5.0
CMP200261,SHP104348,2025-11-04,Damaged Package,Negative,Cairo,35.7,Claims & Damage,2,True,3.0
CMP200262,SHP100577,2025-04-01,Poor Communication,Positive,Giza,15.7,Customer Success,1,True,4.0
CMP200263,SHP103934,2025-08-11,Poor Communication,Neutral,Suez,16.1,Customer Success,1,True,5.0
CMP200264,SHP102137,2025-04-16,Wrong Item,Negative,Cairo,25.6,Fulfillment QA,2,True,4.0
CMP200265,SHP104011,2025-07-16,Late Delivery,Negative,Suez,21.7,Logistics Support,1,True,5.0
CMP200266,SHP102592,2025-02-28,Damaged Package,Negative,Cairo,64.7,Claims & Damage,2,True,4.0
CMP200267,SHP101103,2025-03-31,Late Delivery,Negative,Cairo,26.5,Logistics Support,1,True,4.0
CMP200268,SHP102094,2025-06-11,Wrong Item,Negative,Alexandria,33.9,Fulfillment QA,1,True,5.0
CMP200269,SHP100620,2025-05-23,Wrong Item,Positive,Cairo,33.5,Fulfillment QA,1,True,4.0
CMP200270,SHP100136,2025-02-05,Damaged Package,Negative,Cairo,62.1,Claims & Damage,2,True,3.0
CMP200271,SHP104813,2025-06-06,Damaged Package,Negative,Alexandria,55.9,Claims & Damage,2,True,3.0
CMP200272,SHP104944,2025-04-28,Late Delivery,Negative,Suez,50.2,Logistics Support,1,True,4.0
CMP200273,SHP100183,2025-12-09,Wrong Item,Neutral,Upper Egypt,14.9,Fulfillment QA,1,True,4.0
CMP200274,SHP100959,2025-01-25,Wrong Item,Positive,Giza,19.2,Fulfillment QA,1,True,5.0
CMP200275,SHP102517,2025-04-24,Damaged Package,Negative,Giza,37.0,Claims & Damage,2,True,4.0
CMP200276,SHP103299,2025-04-17,Damaged Package,Negative,Cairo,42.2,Claims & Damage,2,True,4.0
CMP200277,SHP100876,2025-12-30,Poor Communication,Negative,Giza,9.8,Customer Success,1,True,5.0
CMP200278,SHP102649,2025-07-19,Poor Communication,Negative,Upper Egypt,17.5,Customer Success,2,True,4.0
CMP200279,SHP100243,2025-04-22,Damaged Package,Neutral,Giza,63.3,Claims & Damage,2,True,4.0
CMP200280,SHP102742,2025-02-20,Damaged Package,Negative,Suez,58.9,Claims & Damage,3,True,4.0
CMP200281,SHP104445,2025-12-05,Lost Shipment,Negative,Giza,49.1,Claims & Damage,3,False,
CMP200282,SHP104933,2025-10-13,Poor Communication,Negative,Alexandria,16.8,Customer Success,2,True,5.0
CMP200283,SHP102776,2025-07-03,Late Delivery,Negative,Upper Egypt,34.6,Logistics Support,1,True,4.0
CMP200284,SHP101868,2025-08-12,Poor Communication,Negative,Cairo,9.4,Customer Success,1,True,4.0
CMP200285,SHP104532,2025-04-21,Late Delivery,Negative,Suez,42.0,Logistics Support,1,True,4.0
CMP200286,SHP102490,2025-10-07,Poor Communication,Negative,Upper Egypt,11.0,Customer Success,1,True,4.0
CMP200287,SHP104283,2025-10-29,Damaged Package,Negative,Giza,76.6,Claims & Damage,2,True,3.0
CMP200288,SHP102182,2025-06-15,Damaged Package,Negative,Alexandria,66.4,Claims & Damage,3,True,4.0
CMP200289,SHP102313,2025-07-21,Late Delivery,Negative,Delta,45.1,Logistics Support,1,True,4.0
CMP200290,SHP102952,2025-07-27,Late Delivery,Neutral,Delta,7.7,Logistics Support,1,False,
CMP200291,SHP101276,2025-04-26,Damaged Package,Neutral,Delta,42.4,Claims & Damage,2,True,3.0
CMP200292,SHP104412,2025-07-01,Wrong Item,Negative,Giza,7.9,Fulfillment QA,1,False,
CMP200293,SHP104777,2025-08-06,Late Delivery,Neutral,Alexandria,28.3,Logistics Support,1,True,4.0
CMP200294,SHP102787,2025-10-13,Late Delivery,Negative,Delta,47.8,Logistics Support,1,True,4.0
CMP200295,SHP101135,2025-02-15,Damaged Package,Negative,Upper Egypt,40.9,Claims & Damage,2,True,4.0
CMP200296,SHP103585,2025-05-27,Late Delivery,Negative,Cairo,41.9,Logistics Support,1,True,5.0
CMP200297,SHP101575,2025-05-27,Wrong Item,Neutral,Giza,21.4,Fulfillment QA,1,True,4.0
CMP200298,SHP102516,2025-04-03,Wrong Item,Neutral,Upper Egypt,14.5,Fulfillment QA,1,True,5.0
CMP200299,SHP100137,2025-02-22,Wrong Item,Neutral,Upper Egypt,27.2,Fulfillment QA,2,True,4.0
CMP200300,SHP101119,2025-11-16,Wrong Item,Negative,Alexandria,29.1,Fulfillment QA,1,True,4.0
CMP200301,SHP102563,2025-12-09,Damaged Package,Negative,Upper Egypt,17.2,Claims & Damage,2,False,
CMP200302,SHP100615,2025-05-30,Wrong Item,Negative,Giza,29.6,Fulfillment QA,1,True,5.0
CMP200303,SHP102275,2025-09-25,Damaged Package,Negative,Giza,59.0,Claims & Damage,2,True,4.0
CMP200304,SHP100215,2025-01-08,Late Delivery,Negative,Cairo,26.0,Logistics Support,1,True,5.0
CMP200305,SHP104071,2025-07-27,Poor Communication,Negative,Suez,13.1,Customer Success,1,True,4.0
CMP200306,SHP104501,2025-05-29,Damaged Package,Negative,Suez,42.8,Claims & Damage,2,True,4.0
CMP200307,SHP104948,2025-06-22,Poor Communication,Negative,Suez,16.0,Customer Success,1,True,5.0
CMP200308,SHP102675,2025-04-20,Late Delivery,Negative,Cairo,14.7,Logistics Support,1,False,
CMP200309,SHP104304,2025-05-29,Damaged Package,Negative,Cairo,31.6,Claims & Damage,2,True,4.0
CMP200310,SHP101020,2025-10-05,Wrong Item,Positive,Upper Egypt,33.1,Fulfillment QA,1,True,4.0
CMP200311,SHP104248,2025-07-30,Late Delivery,Negative,Cairo,15.2,Logistics Support,1,False,
CMP200312,SHP100217,2025-07-15,Late Delivery,Neutral,Cairo,30.7,Logistics Support,1,True,4.0
CMP200313,SHP103032,2025-01-10,Damaged Package,Negative,Cairo,30.6,Claims & Damage,3,True,5.0
CMP200314,SHP101405,2025-04-30,Damaged Package,Negative,Cairo,39.1,Claims & Damage,2,True,4.0
CMP200315,SHP101282,2025-09-03,Poor Communication,Negative,Alexandria,5.5,Customer Success,1,False,
CMP200316,SHP100530,2025-04-02,Poor Communication,Negative,Giza,9.1,Customer Success,1,True,5.0
CMP200317,SHP103274,2025-07-24,Late Delivery,Negative,Cairo,27.6,Logistics Support,1,True,4.0
CMP200318,SHP102632,2025-05-22,Late Delivery,Negative,Upper Egypt,35.1,Logistics Support,1,True,4.0
CMP200319,SHP101716,2025-01-31,Wrong Item,Negative,Alexandria,27.4,Fulfillment QA,1,True,4.0
CMP200320,SHP102200,2025-12-31,Wrong Item,Negative,Alexandria,25.1,Fulfillment QA,1,True,4.0
CMP200321,SHP104728,2025-06-17,Damaged Package,Negative,Giza,52.3,Claims & Damage,3,True,4.0
CMP200322,SHP101643,2025-09-03,Late Delivery,Negative,Upper Egypt,33.4,Logistics Support,1,True,5.0
CMP200323,SHP104191,2025-07-14,Late Delivery,Negative,Giza,51.1,Logistics Support,1,True,4.0
CMP200324,SHP103269,2025-03-02,Wrong Item,Neutral,Giza,23.8,Fulfillment QA,1,True,5.0
CMP200325,SHP104473,2025-05-17,Wrong Item,Negative,Cairo,14.9,Fulfillment QA,1,True,4.0
CMP200326,SHP103424,2026-01-06,Damaged Package,Negative,Giza,59.4,Claims & Damage,2,True,3.0
CMP200327,SHP101248,2025-05-10,Wrong Item,Negative,Cairo,33.7,Fulfillment QA,1,True,4.0
CMP200328,SHP103094,2025-07-10,Late Delivery,Negative,Giza,53.4,Logistics Support,1,True,4.0
CMP200329,SHP102858,2025-07-20,Poor Communication,Positive,Upper Egypt,17.6,Customer Success,1,True,5.0
CMP200330,SHP101719,2025-08-03,Late Delivery,Negative,Cairo,22.9,Logistics Support,1,True,5.0
CMP200331,SHP100390,2025-10-17,Damaged Package,Negative,Upper Egypt,48.1,Claims & Damage,2,True,3.0
CMP200332,SHP104228,2025-06-02,Late Delivery,Negative,Delta,23.2,Logistics Support,1,True,4.0
CMP200333,SHP104022,2025-07-26,Late Delivery,Negative,Cairo,40.9,Logistics Support,1,True,5.0
CMP200334,SHP103384,2025-08-11,Late Delivery,Negative,Upper Egypt,32.1,Logistics Support,1,True,5.0
CMP200335,SHP101824,2025-11-20,Wrong Item,Negative,Upper Egypt,13.5,Fulfillment QA,1,False,
CMP200336,SHP104016,2025-06-21,Wrong Item,Neutral,Giza,23.0,Fulfillment QA,2,True,4.0
CMP200337,SHP104211,2025-04-22,Damaged Package,Neutral,Alexandria,55.7,Claims & Damage,2,True,3.0
CMP200338,SHP104356,2025-07-18,Wrong Item,Negative,Upper Egypt,19.3,Fulfillment QA,1,True,4.0
CMP200339,SHP100376,2025-08-01,Late Delivery,Negative,Cairo,23.7,Logistics Support,1,True,4.0
CMP200340,SHP101898,2025-07-06,Lost Shipment,Negative,Delta,110.0,Claims & Damage,3,True,2.0
CMP200341,SHP100133,2025-10-15,Damaged Package,Negative,Delta,74.8,Claims & Damage,2,True,2.0
CMP200342,SHP103758,2025-02-23,Late Delivery,Negative,Cairo,50.7,Logistics Support,1,True,4.0
CMP200343,SHP102157,2025-08-02,Late Delivery,Negative,Giza,28.9,Logistics Support,1,True,4.0
CMP200344,SHP104034,2026-01-09,Poor Communication,Neutral,Alexandria,15.6,Customer Success,1,True,5.0
CMP200345,SHP100313,2025-07-22,Late Delivery,Negative,Cairo,41.8,Logistics Support,1,True,4.0
CMP200346,SHP104727,2025-03-04,Wrong Item,Negative,Delta,36.6,Fulfillment QA,2,True,5.0
CMP200347,SHP104841,2025-12-10,Wrong Item,Negative,Giza,15.7,Fulfillment QA,1,True,5.0
CMP200348,SHP100695,2025-05-28,Poor Communication,Negative,Cairo,11.0,Customer Success,1,True,5.0
CMP200349,SHP101769,2025-06-02,Lost Shipment,Negative,Giza,105.1,Claims & Damage,3,True,2.0
CMP200350,SHP102355,2025-05-11,Damaged Package,Negative,Giza,52.7,Claims & Damage,2,True,3.0
CMP200351,SHP104710,2025-07-24,Late Delivery,Negative,Upper Egypt,26.2,Logistics Support,1,True,5.0
CMP200352,SHP100532,2025-10-18,Poor Communication,Negative,Cairo,16.0,Customer Success,1,True,5.0
CMP200353,SHP102798,2025-09-16,Lost Shipment,Negative,Alexandria,47.3,Claims & Damage,3,False,
CMP200354,SHP101114,2025-04-21,Damaged Package,Negative,Alexandria,58.3,Claims & Damage,2,True,4.0
CMP200355,SHP103129,2025-12-19,Wrong Item,Negative,Giza,26.8,Fulfillment QA,1,True,5.0
CMP200356,SHP101445,2025-06-04,Damaged Package,Negative,Upper Egypt,54.3,Claims & Damage,2,True,4.0
CMP200357,SHP101473,2025-05-05,Damaged Package,Negative,Upper Egypt,63.8,Claims & Damage,2,True,3.0
CMP200358,SHP104110,2025-10-30,Damaged Package,Negative,Delta,69.6,Claims & Damage,2,True,3.0
CMP200359,SHP100159,2025-02-25,Poor Communication,Neutral,Cairo,3.6,Customer Success,1,False,
CMP200360,SHP101120,2025-08-08,Poor Communication,Positive,Cairo,19.0,Customer Success,1,True,4.0
CMP200361,SHP102698,2025-07-24,Late Delivery,Negative,Delta,43.1,Logistics Support,1,True,4.0
CMP200362,SHP104555,2025-04-20,Damaged Package,Negative,Delta,60.8,Claims & Damage,2,True,3.0
CMP200363,SHP101870,2025-07-23,Late Delivery,Negative,Cairo,44.4,Logistics Support,2,True,5.0
CMP200364,SHP101493,2025-12-14,Wrong Item,Negative,Delta,26.8,Fulfillment QA,1,True,4.0
CMP200365,SHP100455,2025-03-15,Wrong Item,Negative,Cairo,15.1,Fulfillment QA,1,True,4.0
CMP200366,SHP101054,2025-07-12,Late Delivery,Negative,Cairo,37.2,Logistics Support,1,True,4.0
CMP200367,SHP101514,2025-07-21,Late Delivery,Negative,Delta,26.6,Logistics Support,1,True,5.0
CMP200368,SHP103030,2025-07-17,Damaged Package,Negative,Cairo,31.1,Claims & Damage,3,True,4.0
CMP200369,SHP101542,2025-11-17,Wrong Item,Neutral,Upper Egypt,23.2,Fulfillment QA,2,True,5.0
CMP200370,SHP101207,2025-11-08,Poor Communication,Neutral,Upper Egypt,16.6,Customer Success,1,True,5.0
CMP200371,SHP103295,2025-10-31,Wrong Item,Neutral,Delta,11.9,Fulfillment QA,1,False,
CMP200372,SHP103741,2025-12-09,Late Delivery,Negative,Giza,9.9,Logistics Support,1,False,
CMP200373,SHP104606,2025-07-26,Poor Communication,Negative,Giza,9.9,Customer Success,1,True,5.0
CMP200374,SHP102900,2025-07-23,Late Delivery,Negative,Upper Egypt,32.0,Logistics Support,2,True,4.0
CMP200375,SHP104746,2025-07-14,Late Delivery,Negative,Suez,35.2,Logistics Support,1,True,4.0
CMP200376,SHP101067,2025-06-16,Poor Communication,Negative,Delta,13.3,Customer Success,1,True,5.0
CMP200377,SHP102702,2025-01-23,Wrong Item,Negative,Delta,31.3,Fulfillment QA,1,True,4.0
CMP200378,SHP102379,2025-01-18,Lost Shipment,Negative,Cairo,122.4,Claims & Damage,3,True,2.0
CMP200379,SHP103583,2025-08-05,Late Delivery,Negative,Cairo,25.6,Logistics Support,1,True,4.0
CMP200380,SHP102258,2025-07-16,Late Delivery,Negative,Cairo,34.1,Logistics Support,1,True,4.0
CMP200381,SHP103531,2025-06-12,Damaged Package,Negative,Delta,75.1,Claims & Damage,2,True,3.0
CMP200382,SHP103704,2025-05-15,Poor Communication,Negative,Cairo,11.8,Customer Success,1,True,5.0
CMP200383,SHP103477,2025-03-28,Poor Communication,Neutral,Delta,10.4,Customer Success,1,True,5.0
CMP200384,SHP103326,2025-04-13,Damaged Package,Negative,Giza,45.5,Claims & Damage,2,True,3.0
CMP200385,SHP100822,2025-07-17,Late Delivery,Negative,Cairo,23.5,Logistics Support,1,True,5.0
CMP200386,SHP102862,2025-07-24,Late Delivery,Negative,Cairo,37.1,Logistics Support,2,True,4.0
CMP200387,SHP100331,2025-04-19,Poor Communication,Negative,Upper Egypt,16.5,Customer Success,1,True,5.0
CMP200388,SHP101299,2025-02-23,Damaged Package,Negative,Alexandria,70.8,Claims & Damage,3,True,3.0
CMP200389,SHP101360,2025-11-16,Wrong Item,Negative,Upper Egypt,38.2,Fulfillment QA,1,True,4.0
CMP200390,SHP100666,2025-03-29,Damaged Package,Negative,Cairo,42.2,Claims & Damage,3,True,3.0
CMP200391,SHP100722,2025-02-01,Damaged Package,Neutral,Giza,59.7,Claims & Damage,2,True,3.0
CMP200392,SHP104491,2025-03-26,Wrong Item,Neutral,Cairo,22.8,Fulfillment QA,1,True,4.0
CMP200393,SHP102110,2025-01-25,Damaged Package,Negative,Giza,52.7,Claims & Damage,2,True,3.0
CMP200394,SHP104120,2025-07-29,Late Delivery,Negative,Cairo,41.8,Logistics Support,1,True,4.0
CMP200395,SHP101825,2025-08-21,Damaged Package,Negative,Delta,57.3,Claims & Damage,2,True,3.0
CMP200396,SHP101606,2025-07-08,Late Delivery,Negative,Suez,53.5,Logistics Support,1,True,4.0
CMP200397,SHP101039,2025-07-28,Late Delivery,Negative,Cairo,27.8,Logistics Support,1,True,5.0
CMP200398,SHP100987,2025-07-08,Late Delivery,Negative,Delta,42.3,Logistics Support,1,True,3.0
CMP200399,SHP104167,2025-04-05,Wrong Item,Positive,Alexandria,32.8,Fulfillment QA,1,True,4.0
CMP200400,SHP102886,2025-03-19,Poor Communication,Neutral,Cairo,5.3,Customer Success,1,False,
CMP200401,SHP103000,2025-04-11,Damaged Package,Neutral,Giza,58.2,Claims & Damage,2,True,4.0
CMP200402,SHP101852,2025-03-15,Wrong Item,Neutral,Giza,11.7,Fulfillment QA,1,False,
CMP200403,SHP102532,2025-08-01,Poor Communication,Neutral,Cairo,14.9,Customer Success,1,True,5.0
CMP200404,SHP103400,2025-11-19,Lost Shipment,Negative,Alexandria,84.1,Claims & Damage,3,True,3.0
CMP200405,SHP102129,2025-11-03,Damaged Package,Neutral,Cairo,69.0,Claims & Damage,2,True,3.0
CMP200406,SHP101670,2025-06-07,Poor Communication,Negative,Giza,16.7,Customer Success,1,True,4.0
CMP200407,SHP101278,2025-06-11,Wrong Item,Negative,Upper Egypt,24.1,Fulfillment QA,1,True,4.0
CMP200408,SHP100355,2025-08-03,Poor Communication,Negative,Delta,5.7,Customer Success,1,False,
CMP200409,SHP103012,2025-10-04,Lost Shipment,Negative,Alexandria,95.2,Claims & Damage,3,True,3.0
CMP200410,SHP104101,2025-06-03,Poor Communication,Negative,Giza,7.5,Customer Success,1,True,5.0
CMP200411,SHP101357,2025-07-27,Late Delivery,Neutral,Cairo,30.7,Logistics Support,1,True,4.0
CMP200412,SHP100047,2025-11-13,Poor Communication,Negative,Cairo,11.5,Customer Success,1,True,5.0
CMP200413,SHP103444,2025-07-26,Late Delivery,Negative,Delta,27.5,Logistics Support,2,True,5.0
CMP200414,SHP100187,2025-01-20,Late Delivery,Negative,Delta,54.9,Logistics Support,1,True,3.0
CMP200415,SHP101678,2025-11-25,Damaged Package,Negative,Alexandria,51.3,Claims & Damage,2,True,3.0
CMP200416,SHP103944,2025-09-12,Wrong Item,Negative,Upper Egypt,36.0,Fulfillment QA,1,True,5.0
CMP200417,SHP102136,2025-08-01,Late Delivery,Negative,Cairo,42.4,Logistics Support,1,True,4.0
CMP200418,SHP104408,2025-03-26,Poor Communication,Neutral,Giza,7.9,Customer Success,1,True,5.0
CMP200419,SHP101931,2025-11-03,Wrong Item,Negative,Delta,26.6,Fulfillment QA,1,True,4.0
CMP200420,SHP102433,2025-08-11,Late Delivery,Negative,Suez,22.2,Logistics Support,2,True,4.0
CMP200421,SHP102012,2025-05-10,Damaged Package,Neutral,Giza,50.4,Claims & Damage,2,True,5.0
CMP200422,SHP103191,2025-07-07,Late Delivery,Negative,Suez,44.8,Logistics Support,2,True,3.0
CMP200423,SHP102050,2025-07-11,Late Delivery,Negative,Giza,55.8,Logistics Support,1,True,3.0
CMP200424,SHP104663,2025-08-25,Wrong Item,Negative,Alexandria,28.9,Fulfillment QA,1,True,4.0
CMP200425,SHP101965,2025-07-17,Poor Communication,Negative,Cairo,9.8,Customer Success,1,True,4.0
CMP200426,SHP100101,2025-01-18,Wrong Item,Negative,Giza,18.4,Fulfillment QA,1,True,4.0
CMP200427,SHP102788,2025-07-12,Late Delivery,Negative,Cairo,36.1,Logistics Support,1,True,4.0
CMP200428,SHP101618,2025-02-27,Lost Shipment,Negative,Cairo,37.1,Claims & Damage,3,False,
CMP200429,SHP102360,2025-12-11,Wrong Item,Neutral,Cairo,33.8,Fulfillment QA,1,True,4.0
CMP200430,SHP104087,2025-02-02,Wrong Item,Negative,Giza,18.1,Fulfillment QA,1,True,5.0
CMP200431,SHP103834,2025-01-14,Wrong Item,Neutral,Giza,16.4,Fulfillment QA,1,True,4.0
CMP200432,SHP102850,2025-09-04,Late Delivery,Negative,Cairo,31.9,Logistics Support,1,True,4.0
CMP200433,SHP103745,2025-12-31,Wrong Item,Positive,Delta,36.5,Fulfillment QA,1,True,4.0
CMP200434,SHP101568,2025-07-30,Poor Communication,Neutral,Cairo,12.6,Customer Success,1,True,5.0
CMP200435,SHP102542,2026-01-02,Wrong Item,Negative,Giza,28.1,Fulfillment QA,2,True,4.0
CMP200436,SHP100351,2025-10-17,Damaged Package,Negative,Cairo,33.6,Claims & Damage,2,True,4.0
CMP200437,SHP103903,2025-12-19,Lost Shipment,Negative,Alexandria,76.2,Claims & Damage,3,True,3.0
CMP200438,SHP104645,2025-07-17,Wrong Item,Neutral,Cairo,6.4,Fulfillment QA,1,False,
CMP200439,SHP103232,2025-07-12,Late Delivery,Negative,Cairo,41.2,Logistics Support,1,True,5.0
CMP200440,SHP100186,2025-03-31,Damaged Package,Negative,Upper Egypt,30.2,Claims & Damage,2,True,4.0
CMP200441,SHP103266,2025-05-25,Lost Shipment,Negative,Cairo,82.8,Claims & Damage,3,True,3.0
CMP200442,SHP101453,2025-10-30,Damaged Package,Negative,Suez,37.7,Claims & Damage,2,True,5.0
CMP200443,SHP104464,2025-04-22,Lost Shipment,Negative,Giza,118.0,Claims & Damage,3,True,2.0
CMP200444,SHP103813,2025-08-04,Late Delivery,Negative,Delta,18.3,Logistics Support,1,False,
CMP200445,SHP101874,2025-12-13,Late Delivery,Neutral,Suez,46.2,Logistics Support,1,True,5.0
CMP200446,SHP102298,2025-07-15,Late Delivery,Negative,Delta,56.4,Logistics Support,1,True,4.0
CMP200447,SHP103778,2025-11-14,Poor Communication,Positive,Cairo,7.4,Customer Success,1,True,4.0
CMP200448,SHP104657,2025-08-03,Late Delivery,Negative,Giza,48.7,Logistics Support,1,True,4.0
CMP200449,SHP101585,2025-07-09,Late Delivery,Negative,Cairo,11.5,Logistics Support,1,False,
CMP200450,SHP103999,2025-01-09,Late Delivery,Negative,Upper Egypt,32.3,Logistics Support,1,True,4.0
CMP200451,SHP103642,2025-08-03,Late Delivery,Negative,Upper Egypt,28.3,Logistics Support,2,True,5.0
CMP200452,SHP101261,2025-02-14,Wrong Item,Neutral,Alexandria,6.2,Fulfillment QA,2,False,
CMP200453,SHP101329,2025-09-26,Damaged Package,Negative,Cairo,21.3,Claims & Damage,2,False,
CMP200454,SHP101085,2025-12-02,Poor Communication,Positive,Suez,10.4,Customer Success,1,True,5.0
CMP200455,SHP100891,2025-03-01,Damaged Package,Negative,Alexandria,72.7,Claims & Damage,3,True,3.0
CMP200456,SHP101622,2025-11-27,Late Delivery,Negative,Suez,34.0,Logistics Support,1,True,4.0
CMP200457,SHP100644,2025-09-02,Damaged Package,Negative,Alexandria,57.2,Claims & Damage,2,True,4.0
CMP200458,SHP101332,2025-07-20,Poor Communication,Negative,Cairo,8.7,Customer Success,1,True,5.0
CMP200459,SHP101873,2025-07-11,Poor Communication,Neutral,Giza,10.8,Customer Success,1,True,4.0
CMP200460,SHP102878,2025-07-15,Wrong Item,Neutral,Upper Egypt,7.2,Fulfillment QA,1,False,
CMP200461,SHP102295,2025-07-08,Late Delivery,Negative,Giza,47.5,Logistics Support,1,True,4.0
CMP200462,SHP101659,2025-03-20,Lost Shipment,Negative,Alexandria,59.4,Claims & Damage,3,True,4.0
CMP200463,SHP100587,2025-05-31,Damaged Package,Negative,Upper Egypt,54.5,Claims & Damage,2,True,4.0
CMP200464,SHP102906,2025-11-15,Poor Communication,Negative,Giza,13.0,Customer Success,1,True,5.0
CMP200465,SHP104325,2025-07-25,Poor Communication,Neutral,Cairo,13.3,Customer Success,1,True,5.0
CMP200466,SHP103228,2025-10-04,Wrong Item,Negative,Upper Egypt,21.0,Fulfillment QA,1,True,4.0
CMP200467,SHP102935,2025-07-07,Damaged Package,Negative,Suez,36.9,Claims & Damage,2,True,4.0
CMP200468,SHP101987,2025-07-28,Wrong Item,Negative,Giza,37.9,Fulfillment QA,2,True,4.0
CMP200469,SHP102744,2025-07-24,Late Delivery,Neutral,Upper Egypt,22.6,Logistics Support,1,True,5.0
CMP200470,SHP103558,2025-11-01,Poor Communication,Neutral,Giza,19.1,Customer Success,1,True,5.0
CMP200471,SHP101534,2025-03-15,Poor Communication,Positive,Giza,10.8,Customer Success,1,True,4.0
CMP200472,SHP104792,2025-10-18,Poor Communication,Neutral,Delta,8.5,Customer Success,1,True,5.0
CMP200473,SHP100091,2025-12-06,Damaged Package,Neutral,Giza,58.3,Claims & Damage,2,True,4.0
CMP200474,SHP101755,2025-07-27,Late Delivery,Neutral,Giza,14.2,Logistics Support,1,False,
CMP200475,SHP104903,2025-10-20,Damaged Package,Negative,Delta,47.9,Claims & Damage,2,True,4.0
CMP200476,SHP104185,2025-07-04,Poor Communication,Negative,Delta,19.1,Customer Success,1,True,5.0
CMP200477,SHP100288,2025-05-02,Poor Communication,Negative,Upper Egypt,9.9,Customer Success,2,True,5.0
CMP200478,SHP101872,2025-01-16,Wrong Item,Neutral,Alexandria,18.6,Fulfillment QA,1,True,4.0
CMP200479,SHP102840,2025-01-31,Damaged Package,Negative,Giza,22.1,Claims & Damage,2,False,
CMP200480,SHP104685,2025-02-07,Late Delivery,Negative,Upper Egypt,41.4,Logistics Support,1,True,4.0
CMP200481,SHP104068,2025-07-03,Wrong Item,Positive,Alexandria,24.0,Fulfillment QA,1,True,4.0
CMP200482,SHP103479,2025-11-20,Wrong Item,Negative,Cairo,23.7,Fulfillment QA,1,True,5.0
CMP200483,SHP103173,2025-05-30,Poor Communication,Negative,Giza,12.1,Customer Success,1,True,5.0
CMP200484,SHP104989,2025-03-30,Late Delivery,Negative,Suez,43.2,Logistics Support,1,True,4.0
CMP200485,SHP102610,2025-12-27,Wrong Item,Negative,Cairo,18.8,Fulfillment QA,2,True,5.0
CMP200486,SHP100016,2025-05-09,Lost Shipment,Neutral,Alexandria,147.5,Claims & Damage,3,True,1.0
CMP200487,SHP103863,2025-06-20,Poor Communication,Negative,Delta,10.4,Customer Success,1,True,5.0
CMP200488,SHP102699,2025-11-14,Wrong Item,Neutral,Suez,20.4,Fulfillment QA,2,True,5.0
CMP200489,SHP104330,2025-07-31,Poor Communication,Negative,Suez,9.8,Customer Success,1,True,5.0
CMP200490,SHP102349,2025-11-26,Damaged Package,Negative,Alexandria,72.0,Claims & Damage,2,True,4.0
CMP200491,SHP100829,2025-03-07,Late Delivery,Negative,Delta,40.3,Logistics Support,1,True,4.0
CMP200492,SHP103452,2025-01-23,Damaged Package,Negative,Delta,17.8,Claims & Damage,3,False,
CMP200493,SHP104605,2025-06-12,Damaged Package,Negative,Delta,51.8,Claims & Damage,2,True,4.0
CMP200494,SHP100470,2025-07-07,Wrong Item,Negative,Giza,17.7,Fulfillment QA,2,True,4.0
CMP200495,SHP100913,2025-06-19,Wrong Item,Neutral,Suez,36.1,Fulfillment QA,1,True,4.0
CMP200496,SHP101196,2025-03-10,Poor Communication,Neutral,Cairo,11.4,Customer Success,1,True,4.0
CMP200497,SHP100704,2025-01-12,Poor Communication,Negative,Alexandria,8.2,Customer Success,1,True,4.0
CMP200498,SHP102917,2025-05-14,Poor Communication,Positive,Alexandria,17.3,Customer Success,1,True,5.0
CMP200499,SHP100381,2025-07-17,Late Delivery,Negative,Upper Egypt,26.7,Logistics Support,1,True,4.0
