milestone_id,project_id,phase,building,milestone_name,baseline_start_date,baseline_end_date,forecast_end_date,actual_end_date,planned_completion_pct,actual_completion_pct,variance_days,status,contractor,budgeted_cost,committed_cost,actual_cost,cost_variance,issue_category,issue_severity
MIL-0001,AUR,Phase 1,Building A,Excavation,2023-03-01,2023-04-25,2023-04-29,2023-04-29,10.0,100.0,4,Complete,Nile Engineering Contractors,29020652.07,29020652.07,28713119.59,-307532.48,,
MIL-0002,AUR,Phase 1,Building A,Foundations,2023-04-25,2023-06-06,2023-06-06,2023-06-06,20.0,100.0,-1,Complete,Delta Construction Group,31484048.72,31484048.72,31601631.9,117583.18,,
MIL-0003,AUR,Phase 1,Building A,Structural Frame,2023-06-06,2023-07-11,2023-07-22,2023-07-22,30.0,100.0,11,Complete,Modern Facade Systems,26828657.54,27242055.23,27778628.38,949970.84,,
MIL-0004,AUR,Phase 1,Building A,Facade,2023-07-11,2023-09-06,2023-09-14,2023-09-14,40.0,100.0,8,Complete,Nile Engineering Contractors,51028280.82,51028280.82,51830411.86,802131.04,,
MIL-0005,AUR,Phase 1,Building A,MEP,2023-09-06,2023-10-15,2023-10-15,2023-10-15,50.0,100.0,-2,Complete,Modern Facade Systems,40985675.98,40985675.98,40218016.43,-767659.55,,
MIL-0006,AUR,Phase 1,Building A,Internal Finishes,2023-10-15,2023-11-14,2023-11-25,2023-11-25,60.0,100.0,11,Complete,Prime MEP Solutions,57837035.42,57837035.42,58064963.89,227928.47,,
MIL-0007,AUR,Phase 1,Building A,Landscaping,2023-11-14,2023-12-19,2023-12-22,,70.0,0.0,3,Not Started,Delta Construction Group,27912123.22,27912123.22,0.0,-27912123.22,,
MIL-0008,AUR,Phase 1,Building A,Utilities Connection,2023-12-19,2024-01-15,2024-01-18,,80.0,0.0,3,Not Started,Cairo Structural Works,17827850.84,17827850.84,0.0,-17827850.84,,
MIL-0009,AUR,Phase 1,Building A,Authority Approvals,2024-01-15,2024-02-17,2024-02-17,,90.0,0.0,-4,Not Started,Nile Engineering Contractors,36513489.54,36513489.54,0.0,-36513489.54,,
MIL-0010,AUR,Phase 1,Building A,Testing & Commissioning,2024-02-17,2024-04-04,2024-04-25,,100.0,0.0,21,Not Started,Modern Facade Systems,33480351.7,33480351.7,0.0,-33480351.7,Permit Delay,MEDIUM
MIL-0011,AUR,Phase 1,Building B,Excavation,2023-03-01,2023-04-11,2023-04-11,2023-04-11,10.0,100.0,-3,Complete,Horizon Build Partners,25187600.0,25187600.0,25270879.3,83279.3,,
MIL-0012,AUR,Phase 1,Building B,Foundations,2023-04-11,2023-05-28,2023-07-07,2023-07-07,20.0,100.0,40,Complete (Delayed),Nile Engineering Contractors,49972410.43,50852451.75,51851899.96,1879489.53,Weather Delay,MEDIUM
MIL-0013,AUR,Phase 1,Building B,Structural Frame,2023-05-28,2023-06-30,2023-07-05,2023-07-05,30.0,100.0,5,Complete,Prime MEP Solutions,17679943.04,18064546.73,18418145.59,738202.55,,
MIL-0014,AUR,Phase 1,Building B,Facade,2023-06-30,2023-09-03,2023-09-03,2023-09-03,40.0,100.0,-3,Complete,Prime MEP Solutions,14444182.61,14599532.39,14888416.04,444233.43,,
MIL-0015,AUR,Phase 1,Building B,MEP,2023-09-03,2023-10-05,2023-10-05,2023-10-05,50.0,100.0,0,Complete,Nile Engineering Contractors,15314326.74,15314326.74,15010307.94,-304018.8,,
MIL-0016,AUR,Phase 1,Building B,Internal Finishes,2023-10-05,2023-11-23,2023-11-25,2023-11-25,60.0,100.0,2,Complete,Horizon Build Partners,17718516.13,17718516.13,17496983.17,-221532.96,,
MIL-0017,AUR,Phase 1,Building B,Landscaping,2023-11-23,2024-01-29,2024-02-02,,70.0,0.0,4,Not Started,Delta Construction Group,24923802.37,25034816.8,0.0,-24923802.37,,
MIL-0018,AUR,Phase 1,Building B,Utilities Connection,2024-01-29,2024-03-16,2024-03-16,,80.0,0.0,0,Not Started,Cairo Structural Works,58076060.02,58076060.02,0.0,-58076060.02,,
MIL-0019,AUR,Phase 1,Building B,Authority Approvals,2024-03-16,2024-04-23,2024-05-03,,90.0,0.0,10,Not Started,Modern Facade Systems,48553351.92,48553351.92,0.0,-48553351.92,,
MIL-0020,AUR,Phase 1,Building B,Testing & Commissioning,2024-04-23,2024-06-17,2024-06-25,,100.0,0.0,8,Not Started,Modern Facade Systems,22454329.03,22971863.62,0.0,-22454329.03,,
MIL-0021,AUR,Phase 1,Building C,Excavation,2023-03-01,2023-05-08,2023-05-13,2023-05-13,10.0,100.0,5,Complete,Modern Facade Systems,31378919.96,31613329.34,32240907.74,861987.78,,
MIL-0022,AUR,Phase 1,Building C,Foundations,2023-05-08,2023-07-09,2023-07-09,2023-07-09,20.0,100.0,-5,Complete,Cairo Structural Works,23400126.49,23400126.49,23293554.48,-106572.01,,
MIL-0023,AUR,Phase 1,Building C,Structural Frame,2023-07-09,2023-08-19,2023-09-22,2023-09-22,30.0,100.0,34,Complete (Delayed),Modern Facade Systems,9544932.88,9544932.88,9364221.43,-180711.45,Materials Procurement Delay,MEDIUM
MIL-0024,AUR,Phase 1,Building C,Facade,2023-08-19,2023-10-09,2023-10-09,2023-10-09,40.0,100.0,0,Complete,Modern Facade Systems,30726440.08,31225856.04,31840384.84,1113944.76,,
MIL-0025,AUR,Phase 1,Building C,MEP,2023-10-09,2023-11-22,2023-12-30,2023-12-30,50.0,100.0,38,Complete (Delayed),Horizon Build Partners,43431037.83,43910484.6,44779105.36,1348067.53,Permit Delay,MEDIUM
MIL-0026,AUR,Phase 1,Building C,Internal Finishes,2023-11-22,2024-01-09,2024-01-09,2024-01-09,60.0,100.0,0,Complete,Nile Engineering Contractors,47303737.34,47303737.34,46409332.11,-894405.23,,
MIL-0027,AUR,Phase 1,Building C,Landscaping,2024-01-09,2024-03-02,2024-03-06,,70.0,0.0,4,Not Started,Delta Construction Group,19356052.96,19356052.96,0.0,-19356052.96,,
MIL-0028,AUR,Phase 1,Building C,Utilities Connection,2024-03-02,2024-03-29,2024-04-07,,80.0,0.0,9,Not Started,Horizon Build Partners,22244729.22,22244729.22,0.0,-22244729.22,,
MIL-0029,AUR,Phase 1,Building C,Authority Approvals,2024-03-29,2024-05-20,2024-05-30,,90.0,0.0,10,Not Started,Cairo Structural Works,59900720.75,61559906.94,0.0,-59900720.75,,
MIL-0030,AUR,Phase 1,Building C,Testing & Commissioning,2024-05-20,2024-07-13,2024-07-18,,100.0,0.0,5,Not Started,Modern Facade Systems,56142163.98,56729658.8,0.0,-56142163.98,,
MIL-0031,AUR,Phase 1,Building D,Excavation,2023-03-01,2023-04-19,2023-05-22,2023-05-22,10.0,100.0,33,Complete (Delayed),Prime MEP Solutions,11569999.48,11569999.48,11479075.31,-90924.17,Labor Shortage,MEDIUM
MIL-0032,AUR,Phase 1,Building D,Foundations,2023-04-19,2023-06-07,2023-06-07,2023-06-07,20.0,100.0,-1,Complete,Prime MEP Solutions,34897683.78,35610185.78,36308139.46,1410455.68,,
MIL-0033,AUR,Phase 1,Building D,Structural Frame,2023-06-07,2023-08-13,2023-08-19,2023-08-19,30.0,100.0,6,Complete,Cairo Structural Works,27351216.02,27351216.02,26757056.65,-594159.37,,
MIL-0034,AUR,Phase 1,Building D,Facade,2023-08-13,2023-10-21,2023-10-21,2023-10-21,40.0,100.0,-5,Complete,Delta Construction Group,10253509.7,10253509.7,10103403.56,-150106.14,,
MIL-0035,AUR,Phase 1,Building D,MEP,2023-10-21,2023-12-06,2023-12-06,2023-12-06,50.0,100.0,-5,Complete,Prime MEP Solutions,41162289.77,41162289.77,41881578.66,719288.89,,
MIL-0036,AUR,Phase 1,Building D,Internal Finishes,2023-12-06,2024-01-10,2024-01-17,2024-01-17,60.0,100.0,7,Complete,Modern Facade Systems,49910930.0,50529359.85,51527578.45,1616648.45,,
MIL-0037,AUR,Phase 1,Building D,Landscaping,2024-01-10,2024-02-19,2024-02-25,,70.0,0.0,6,Not Started,Prime MEP Solutions,13450763.02,13450763.02,0.0,-13450763.02,,
MIL-0038,AUR,Phase 1,Building D,Utilities Connection,2024-02-19,2024-03-19,2024-03-19,,80.0,0.0,-5,Not Started,Horizon Build Partners,34273475.45,34273475.45,0.0,-34273475.45,,
MIL-0039,AUR,Phase 1,Building D,Authority Approvals,2024-03-19,2024-05-02,2024-05-07,,90.0,0.0,5,Not Started,Horizon Build Partners,29737026.01,29737026.01,0.0,-29737026.01,,
MIL-0040,AUR,Phase 1,Building D,Testing & Commissioning,2024-05-02,2024-05-27,2024-05-27,,100.0,0.0,-1,Not Started,Nile Engineering Contractors,13514144.25,13514144.25,0.0,-13514144.25,,
MIL-0041,AUR,Phase 2,Building A,Excavation,2023-03-01,2023-03-26,2023-04-09,2023-04-09,10.0,100.0,14,Complete,Horizon Build Partners,13179929.25,14201952.09,14465550.67,1285621.42,Materials Procurement Delay,MEDIUM
MIL-0042,AUR,Phase 2,Building A,Foundations,2023-03-26,2023-04-24,2023-05-05,2023-05-05,20.0,100.0,11,Complete,Cairo Structural Works,51437091.11,52286493.54,53315235.36,1878144.25,,
MIL-0043,AUR,Phase 2,Building A,Structural Frame,2023-04-24,2023-05-22,2023-05-23,2023-05-23,30.0,100.0,1,Complete,Prime MEP Solutions,57136650.24,57136650.24,57558131.37,421481.13,,
MIL-0044,AUR,Phase 2,Building A,Facade,2023-05-22,2023-07-13,2023-07-21,2023-07-21,40.0,100.0,8,Complete,Modern Facade Systems,24588927.57,25140884.18,25632662.74,1043735.17,,
MIL-0045,AUR,Phase 2,Building A,MEP,2023-07-13,2023-09-06,2023-09-06,2023-09-06,50.0,100.0,-4,Complete,Delta Construction Group,49150942.72,49150942.72,47887647.69,-1263295.03,,
MIL-0046,AUR,Phase 2,Building A,Internal Finishes,2023-09-06,2023-11-11,2023-11-19,2023-11-19,60.0,100.0,8,Complete,Prime MEP Solutions,32004000.11,32700914.16,33340994.16,1336994.05,,
MIL-0047,AUR,Phase 2,Building A,Landscaping,2023-11-11,2023-12-20,2023-12-22,,70.0,0.0,2,Not Started,Modern Facade Systems,27332981.21,27332981.21,0.0,-27332981.21,,
MIL-0048,AUR,Phase 2,Building A,Utilities Connection,2023-12-20,2024-01-24,2024-01-26,,80.0,0.0,2,Not Started,Cairo Structural Works,24598897.31,24598897.31,0.0,-24598897.31,,
MIL-0049,AUR,Phase 2,Building A,Authority Approvals,2024-01-24,2024-03-15,2024-03-22,,90.0,0.0,7,Not Started,Cairo Structural Works,46538039.86,46538039.86,0.0,-46538039.86,,
MIL-0050,AUR,Phase 2,Building A,Testing & Commissioning,2024-03-15,2024-05-04,2024-05-08,,100.0,0.0,4,Not Started,Modern Facade Systems,55425686.56,56065607.27,0.0,-55425686.56,,
MIL-0051,AUR,Phase 2,Building B,Excavation,2023-03-01,2023-03-28,2023-03-31,2023-03-31,10.0,100.0,3,Complete,Nile Engineering Contractors,28008985.63,28008985.63,28420968.54,411982.91,,
MIL-0052,AUR,Phase 2,Building B,Foundations,2023-03-28,2023-04-26,2023-05-02,2023-05-02,20.0,100.0,6,Complete,Horizon Build Partners,53273872.1,53273872.1,52490092.28,-783779.82,,
MIL-0053,AUR,Phase 2,Building B,Structural Frame,2023-04-26,2023-05-27,2023-06-03,2023-06-03,30.0,100.0,7,Complete,Cairo Structural Works,23042894.18,23042894.18,22854983.69,-187910.49,,
MIL-0054,AUR,Phase 2,Building B,Facade,2023-05-27,2023-07-27,2023-07-27,2023-07-27,40.0,100.0,-1,Complete,Nile Engineering Contractors,31190018.41,31190018.41,30797705.29,-392313.12,,
MIL-0055,AUR,Phase 2,Building B,MEP,2023-07-27,2023-09-08,2023-09-08,2023-09-08,50.0,100.0,-4,Complete,Horizon Build Partners,46742903.78,46742903.78,45369598.6,-1373305.18,,
MIL-0056,AUR,Phase 2,Building B,Internal Finishes,2023-09-08,2023-11-04,2023-11-15,2023-11-15,60.0,100.0,11,Complete,Modern Facade Systems,28511956.56,28511956.56,29001990.03,490033.47,,
MIL-0057,AUR,Phase 2,Building B,Landscaping,2023-11-04,2023-12-27,2023-12-29,,70.0,0.0,2,Not Started,Horizon Build Partners,36236057.41,36236057.41,0.0,-36236057.41,,
MIL-0058,AUR,Phase 2,Building B,Utilities Connection,2023-12-27,2024-02-07,2024-02-14,,80.0,0.0,7,Not Started,Nile Engineering Contractors,51413590.86,51413590.86,0.0,-51413590.86,,
MIL-0059,AUR,Phase 2,Building B,Authority Approvals,2024-02-07,2024-03-05,2024-03-05,,90.0,0.0,-2,Not Started,Prime MEP Solutions,44278340.96,45175894.66,0.0,-44278340.96,,
MIL-0060,AUR,Phase 2,Building B,Testing & Commissioning,2024-03-05,2024-05-03,2024-05-03,,100.0,0.0,-5,Not Started,Cairo Structural Works,15810752.32,15862322.22,0.0,-15810752.32,,
MIL-0061,AUR,Phase 2,Building C,Excavation,2023-03-01,2023-04-14,2023-05-20,2023-05-20,10.0,100.0,36,Complete (Delayed),Cairo Structural Works,8572531.46,8572531.46,8666170.97,93639.51,Permit Delay,MEDIUM
MIL-0062,AUR,Phase 2,Building C,Foundations,2023-04-14,2023-06-09,2023-06-12,2023-06-12,20.0,100.0,3,Complete,Modern Facade Systems,23335769.55,23335769.55,22675141.0,-660628.55,,
MIL-0063,AUR,Phase 2,Building C,Structural Frame,2023-06-09,2023-08-03,2023-08-08,2023-08-08,30.0,100.0,5,Complete,Modern Facade Systems,54099479.24,54435644.69,55517634.28,1418155.04,,
MIL-0064,AUR,Phase 2,Building C,Facade,2023-08-03,2023-09-16,2023-09-23,2023-09-23,40.0,100.0,7,Complete,Modern Facade Systems,53147337.36,53147337.36,51603070.8,-1544266.56,,
MIL-0065,AUR,Phase 2,Building C,MEP,2023-09-16,2023-11-11,2023-11-11,2023-11-11,50.0,100.0,-3,Complete,Nile Engineering Contractors,53958063.41,53958063.41,53547166.27,-410897.14,,
MIL-0066,AUR,Phase 2,Building C,Internal Finishes,2023-11-11,2024-01-19,2024-01-19,2024-01-19,60.0,100.0,-4,Complete,Horizon Build Partners,30889481.44,31636792.28,32254581.91,1365100.47,,
MIL-0067,AUR,Phase 2,Building C,Landscaping,2024-01-19,2024-02-28,2024-02-28,,70.0,0.0,-2,Not Started,Prime MEP Solutions,35512054.77,35512054.77,0.0,-35512054.77,,
MIL-0068,AUR,Phase 2,Building C,Utilities Connection,2024-02-28,2024-04-24,2024-04-25,,80.0,0.0,1,Not Started,Prime MEP Solutions,25196522.6,25196522.6,0.0,-25196522.6,,
MIL-0069,AUR,Phase 2,Building C,Authority Approvals,2024-04-24,2024-06-29,2024-07-02,,90.0,0.0,3,Not Started,Delta Construction Group,28005343.99,28005343.99,0.0,-28005343.99,,
MIL-0070,AUR,Phase 2,Building C,Testing & Commissioning,2024-06-29,2024-07-26,2024-07-26,,100.0,0.0,-4,Not Started,Prime MEP Solutions,46943466.72,47228731.73,0.0,-46943466.72,,
MIL-0071,AUR,Phase 2,Building D,Excavation,2023-03-01,2023-04-16,2023-04-27,2023-04-27,10.0,100.0,11,Complete,Nile Engineering Contractors,9613141.11,9613141.11,9724510.29,111369.18,,
MIL-0072,AUR,Phase 2,Building D,Foundations,2023-04-16,2023-05-22,2023-06-01,2023-06-01,20.0,100.0,10,Complete,Cairo Structural Works,42684928.58,42684928.58,42334410.37,-350518.21,,
MIL-0073,AUR,Phase 2,Building D,Structural Frame,2023-05-22,2023-07-19,2023-07-20,2023-07-20,30.0,100.0,1,Complete,Cairo Structural Works,18971153.85,18971153.85,19050648.47,79494.62,,
MIL-0074,AUR,Phase 2,Building D,Facade,2023-07-19,2023-08-30,2023-08-30,2023-08-30,40.0,100.0,-3,Complete,Nile Engineering Contractors,27775389.87,27974789.77,28530297.57,754907.7,,
MIL-0075,AUR,Phase 2,Building D,MEP,2023-08-30,2023-10-28,2023-10-28,2023-10-28,50.0,100.0,0,Complete,Modern Facade Systems,41477119.24,41728037.21,42557579.59,1080460.35,,
MIL-0076,AUR,Phase 2,Building D,Internal Finishes,2023-10-28,2023-12-08,2023-12-08,2023-12-08,60.0,100.0,-5,Complete,Delta Construction Group,8195966.29,8195966.29,8078086.73,-117879.56,,
MIL-0077,AUR,Phase 2,Building D,Landscaping,2023-12-08,2024-02-06,2024-02-17,,70.0,0.0,11,Not Started,Nile Engineering Contractors,40410809.06,40629634.58,0.0,-40410809.06,,
MIL-0078,AUR,Phase 2,Building D,Utilities Connection,2024-02-06,2024-03-30,2024-04-03,,80.0,0.0,4,Not Started,Horizon Build Partners,43090040.57,43905354.49,0.0,-43090040.57,,
MIL-0079,AUR,Phase 2,Building D,Authority Approvals,2024-03-30,2024-05-01,2024-05-01,,90.0,0.0,-4,Not Started,Nile Engineering Contractors,29639030.36,30158410.36,0.0,-29639030.36,,
MIL-0080,AUR,Phase 2,Building D,Testing & Commissioning,2024-05-01,2024-07-01,2024-07-03,,100.0,0.0,2,Not Started,Delta Construction Group,58982581.06,58982581.06,0.0,-58982581.06,,
MIL-0081,AUR,Phase 3,Building A,Excavation,2023-03-01,2023-03-27,2023-04-07,2023-04-07,10.0,100.0,11,Complete,Prime MEP Solutions,46562221.64,47887559.46,48818803.89,2256582.25,,
MIL-0082,AUR,Phase 3,Building A,Foundations,2023-03-27,2023-04-24,2023-04-27,2023-04-27,20.0,100.0,3,Complete,Delta Construction Group,46663587.67,46663587.67,47444016.56,780428.89,,
MIL-0083,AUR,Phase 3,Building A,Structural Frame,2023-04-24,2023-05-26,2023-05-30,2023-05-30,30.0,100.0,4,Complete,Horizon Build Partners,23335103.36,23504978.64,23971680.71,636577.35,,
MIL-0084,AUR,Phase 3,Building A,Facade,2023-05-26,2023-06-24,2023-06-29,2023-06-29,40.0,100.0,5,Complete,Modern Facade Systems,11592739.53,11592739.53,11378384.2,-214355.33,,
MIL-0085,AUR,Phase 3,Building A,MEP,2023-06-24,2023-08-01,2023-08-01,2023-08-01,50.0,100.0,0,Complete,Cairo Structural Works,58010758.08,59104773.26,60264988.42,2254230.34,,
MIL-0086,AUR,Phase 3,Building A,Internal Finishes,2023-08-01,2023-09-05,2023-09-07,2023-09-07,60.0,100.0,2,Complete,Prime MEP Solutions,8879702.0,8879702.0,8824751.43,-54950.57,,
MIL-0087,AUR,Phase 3,Building A,Landscaping,2023-09-05,2023-10-04,2023-10-07,,70.0,0.0,3,Not Started,Horizon Build Partners,20595737.15,20595737.15,0.0,-20595737.15,,
MIL-0088,AUR,Phase 3,Building A,Utilities Connection,2023-10-04,2023-12-08,2023-12-12,,80.0,0.0,4,Not Started,Modern Facade Systems,47181920.48,47551918.13,0.0,-47181920.48,,
MIL-0089,AUR,Phase 3,Building A,Authority Approvals,2023-12-08,2024-01-23,2024-01-23,,90.0,0.0,-5,Not Started,Nile Engineering Contractors,31708085.72,32029642.6,0.0,-31708085.72,,
MIL-0090,AUR,Phase 3,Building A,Testing & Commissioning,2024-01-23,2024-03-06,2024-03-06,,100.0,0.0,-3,Not Started,Delta Construction Group,8360426.53,8360426.53,0.0,-8360426.53,,
MIL-0091,AUR,Phase 3,Building B,Excavation,2023-03-01,2023-04-03,2023-04-12,2023-04-12,10.0,100.0,9,Complete,Modern Facade Systems,39112305.08,39448684.23,40230930.33,1118625.25,,
MIL-0092,AUR,Phase 3,Building B,Foundations,2023-04-03,2023-05-08,2023-06-20,2023-06-20,20.0,100.0,43,Complete (Delayed),Cairo Structural Works,18292201.49,19894849.26,20260693.29,1968491.8,Labor Shortage,MEDIUM
MIL-0093,AUR,Phase 3,Building B,Structural Frame,2023-05-08,2023-07-03,2023-07-14,2023-07-14,30.0,100.0,11,Complete,Modern Facade Systems,14257437.21,14468272.67,14753421.42,495984.21,,
MIL-0094,AUR,Phase 3,Building B,Facade,2023-07-03,2023-08-18,2023-08-27,2023-08-27,40.0,100.0,9,Complete,Prime MEP Solutions,23165410.09,23165410.09,22860148.44,-305261.65,,
MIL-0095,AUR,Phase 3,Building B,MEP,2023-08-18,2023-10-16,2023-10-18,2023-10-18,50.0,100.0,2,Complete,Horizon Build Partners,14164160.29,14164160.29,13794663.29,-369497.0,,
MIL-0096,AUR,Phase 3,Building B,Internal Finishes,2023-10-16,2023-12-09,2023-12-17,2023-12-17,60.0,100.0,8,Complete,Prime MEP Solutions,43829693.5,44975359.82,45851953.69,2022260.19,,
MIL-0097,AUR,Phase 3,Building B,Landscaping,2023-12-09,2024-01-16,2024-01-16,,70.0,0.0,-2,Not Started,Prime MEP Solutions,40065333.29,41044733.61,0.0,-40065333.29,,
MIL-0098,AUR,Phase 3,Building B,Utilities Connection,2024-01-16,2024-02-24,2024-03-04,,80.0,0.0,9,Not Started,Horizon Build Partners,37778179.1,37778179.1,0.0,-37778179.1,,
MIL-0099,AUR,Phase 3,Building B,Authority Approvals,2024-02-24,2024-03-30,2024-03-30,,90.0,0.0,-1,Not Started,Nile Engineering Contractors,42233578.83,42233578.83,0.0,-42233578.83,,
MIL-0100,AUR,Phase 3,Building B,Testing & Commissioning,2024-03-30,2024-04-25,2024-04-25,,100.0,0.0,-2,Not Started,Nile Engineering Contractors,11841639.61,11841639.61,0.0,-11841639.61,,
MIL-0101,AUR,Phase 3,Building C,Excavation,2023-03-01,2023-03-28,2023-05-06,2023-05-06,10.0,100.0,39,Complete (Delayed),Delta Construction Group,33316549.15,34464865.01,35131195.99,1814646.84,Materials Procurement Delay,MEDIUM
MIL-0102,AUR,Phase 3,Building C,Foundations,2023-03-28,2023-05-15,2023-05-16,2023-05-16,20.0,100.0,1,Complete,Horizon Build Partners,53469127.01,53469127.01,52071640.37,-1397486.64,,
MIL-0103,AUR,Phase 3,Building C,Structural Frame,2023-05-15,2023-06-22,2023-08-02,2023-08-02,30.0,100.0,41,Complete (Delayed),Horizon Build Partners,20143848.41,20143848.41,19785309.16,-358539.25,Labor Shortage,MEDIUM
MIL-0104,AUR,Phase 3,Building C,Facade,2023-06-22,2023-08-02,2023-08-11,2023-08-11,40.0,100.0,9,Complete,Horizon Build Partners,10679258.92,10679258.92,10832350.16,153091.24,,
MIL-0105,AUR,Phase 3,Building C,MEP,2023-08-02,2023-09-17,2023-09-20,2023-09-20,50.0,100.0,3,Complete,Nile Engineering Contractors,53932131.93,54818336.45,55896979.09,1964847.16,,
MIL-0106,AUR,Phase 3,Building C,Internal Finishes,2023-09-17,2023-11-05,2023-11-09,2023-11-09,60.0,100.0,4,Complete,Horizon Build Partners,55606081.39,55606081.39,56036811.39,430730.0,,
MIL-0107,AUR,Phase 3,Building C,Landscaping,2023-11-05,2024-01-13,2024-01-22,,70.0,0.0,9,Not Started,Prime MEP Solutions,16094079.22,16094079.22,0.0,-16094079.22,,
MIL-0108,AUR,Phase 3,Building C,Utilities Connection,2024-01-13,2024-03-13,2024-03-16,,80.0,0.0,3,Not Started,Cairo Structural Works,12344104.72,12433885.11,0.0,-12344104.72,,
MIL-0109,AUR,Phase 3,Building C,Authority Approvals,2024-03-13,2024-05-16,2024-05-18,,90.0,0.0,2,Not Started,Nile Engineering Contractors,55833523.12,56475373.55,0.0,-55833523.12,,
MIL-0110,AUR,Phase 3,Building C,Testing & Commissioning,2024-05-16,2024-06-17,2024-06-18,,100.0,0.0,1,Not Started,Delta Construction Group,52613004.29,52613004.29,0.0,-52613004.29,,
MIL-0111,AUR,Phase 3,Building D,Excavation,2023-03-01,2023-04-23,2023-04-28,2023-04-28,10.0,100.0,5,Complete,Horizon Build Partners,21429606.55,21429606.55,21580096.84,150490.29,,
MIL-0112,AUR,Phase 3,Building D,Foundations,2023-04-23,2023-07-01,2023-07-06,2023-07-06,20.0,100.0,5,Complete,Cairo Structural Works,37672768.97,37672768.97,37861806.7,189037.73,,
MIL-0113,AUR,Phase 3,Building D,Structural Frame,2023-07-01,2023-08-21,2023-08-22,2023-08-22,30.0,100.0,1,Complete,Delta Construction Group,57809843.2,57809843.2,57184993.17,-624850.03,,
MIL-0114,AUR,Phase 3,Building D,Facade,2023-08-21,2023-09-16,2023-09-16,2023-09-16,40.0,100.0,-2,Complete,Horizon Build Partners,47249933.53,47422478.93,48367477.6,1117544.07,,
MIL-0115,AUR,Phase 3,Building D,MEP,2023-09-16,2023-11-07,2023-11-08,2023-11-08,50.0,100.0,1,Complete,Cairo Structural Works,31279000.74,31279000.74,31617884.17,338883.43,,
MIL-0116,AUR,Phase 3,Building D,Internal Finishes,2023-11-07,2023-12-09,2023-12-16,2023-12-16,60.0,100.0,7,Complete,Prime MEP Solutions,37904059.25,37904059.25,37457725.65,-446333.6,,
MIL-0117,AUR,Phase 3,Building D,Landscaping,2023-12-09,2024-01-09,2024-01-10,,70.0,0.0,1,Not Started,Nile Engineering Contractors,51229597.08,51229597.08,0.0,-51229597.08,,
MIL-0118,AUR,Phase 3,Building D,Utilities Connection,2024-01-09,2024-03-16,2024-03-27,,80.0,0.0,11,Not Started,Nile Engineering Contractors,24338215.82,24425381.21,0.0,-24338215.82,,
MIL-0119,AUR,Phase 3,Building D,Authority Approvals,2024-03-16,2024-05-01,2024-05-05,,90.0,0.0,4,Not Started,Nile Engineering Contractors,50230357.71,50230357.71,0.0,-50230357.71,,
MIL-0120,AUR,Phase 3,Building D,Testing & Commissioning,2024-05-01,2024-06-12,2024-06-12,,100.0,0.0,-1,Not Started,Modern Facade Systems,10389367.26,10603063.83,0.0,-10389367.26,,
MIL-0121,CST,Phase 1,Building A,Excavation,2023-06-01,2023-07-28,2023-08-05,2023-08-05,10.0,100.0,8,Complete,Modern Facade Systems,48490351.67,48490351.67,47731669.97,-758681.7,,
MIL-0122,CST,Phase 1,Building A,Foundations,2023-07-28,2023-09-28,2023-10-07,2023-10-07,20.0,100.0,9,Complete,Modern Facade Systems,42264041.19,42264041.19,42064667.98,-199373.21,,
MIL-0123,CST,Phase 1,Building A,Structural Frame,2023-09-28,2023-11-17,2023-11-24,2023-11-24,30.0,100.0,7,Complete,Delta Construction Group,19892146.06,19892146.06,20161668.59,269522.53,,
MIL-0124,CST,Phase 1,Building A,Facade,2023-11-17,2023-12-13,2023-12-13,2023-12-13,40.0,100.0,-5,Complete,Delta Construction Group,44685871.24,45353556.76,46247274.18,1561402.94,,
MIL-0125,CST,Phase 1,Building A,MEP,2023-12-13,2024-01-16,2024-02-16,2024-02-16,50.0,100.0,31,Complete (Delayed),Cairo Structural Works,36867543.18,39509472.22,40246823.09,3379279.91,Materials Procurement Delay,MEDIUM
MIL-0126,CST,Phase 1,Building A,Internal Finishes,2024-01-16,2024-02-14,2024-03-27,,60.0,39.3,42,At Risk,Cairo Structural Works,20085524.18,20085524.18,19682798.52,-402725.66,Labor Shortage,MEDIUM
MIL-0127,CST,Phase 1,Building A,Landscaping,2024-02-14,2024-04-04,2024-04-28,,70.0,0.0,24,Not Started,Cairo Structural Works,34855689.49,34855689.49,0.0,-34855689.49,Labor Shortage,MEDIUM
MIL-0128,CST,Phase 1,Building A,Utilities Connection,2024-04-04,2024-05-03,2024-05-14,,80.0,0.0,11,Not Started,Prime MEP Solutions,31057533.48,31057533.48,0.0,-31057533.48,,
MIL-0129,CST,Phase 1,Building A,Authority Approvals,2024-05-03,2024-06-04,2024-06-04,,90.0,0.0,-2,Not Started,Horizon Build Partners,12214391.35,12214391.35,0.0,-12214391.35,,
MIL-0130,CST,Phase 1,Building A,Testing & Commissioning,2024-06-04,2024-07-27,2024-07-27,,100.0,0.0,-1,Not Started,Prime MEP Solutions,20413188.42,20413188.42,0.0,-20413188.42,,
MIL-0131,CST,Phase 1,Building B,Excavation,2023-06-01,2023-08-08,2023-08-08,2023-08-08,10.0,100.0,-1,Complete,Modern Facade Systems,47837083.73,47837083.73,46972347.91,-864735.82,,
MIL-0132,CST,Phase 1,Building B,Foundations,2023-08-08,2023-09-30,2023-10-14,2023-10-14,20.0,100.0,14,Complete,Prime MEP Solutions,25828119.75,25828119.75,25839880.84,11761.09,Labor Shortage,MEDIUM
MIL-0133,CST,Phase 1,Building B,Structural Frame,2023-09-30,2023-11-02,2023-11-02,2023-11-02,30.0,100.0,-2,Complete,Delta Construction Group,32638130.76,33506310.82,34159073.44,1520942.68,,
MIL-0134,CST,Phase 1,Building B,Facade,2023-11-02,2023-12-20,2023-12-20,2023-12-20,40.0,100.0,-5,Complete,Nile Engineering Contractors,33747858.23,33747858.23,32985328.61,-762529.62,,
MIL-0135,CST,Phase 1,Building B,MEP,2023-12-20,2024-02-10,2024-02-10,2024-02-10,50.0,100.0,-5,Complete,Nile Engineering Contractors,45793084.58,45793084.58,46188450.01,395365.43,,
MIL-0136,CST,Phase 1,Building B,Internal Finishes,2024-02-10,2024-04-11,2024-04-17,,60.0,43.5,6,In Progress,Prime MEP Solutions,27699856.76,27833359.77,28387356.9,687500.14,,
MIL-0137,CST,Phase 1,Building B,Landscaping,2024-04-11,2024-06-08,2024-07-16,,70.0,0.0,38,Not Started,Delta Construction Group,45226461.33,45226461.33,0.0,-45226461.33,Permit Delay,MEDIUM
MIL-0138,CST,Phase 1,Building B,Utilities Connection,2024-06-08,2024-07-07,2024-07-14,,80.0,0.0,7,Not Started,Modern Facade Systems,44930163.7,44930163.7,0.0,-44930163.7,,
MIL-0139,CST,Phase 1,Building B,Authority Approvals,2024-07-07,2024-08-03,2024-08-03,,90.0,0.0,-2,Not Started,Horizon Build Partners,48347707.69,48484123.73,0.0,-48347707.69,,
MIL-0140,CST,Phase 1,Building B,Testing & Commissioning,2024-08-03,2024-08-31,2024-08-31,,100.0,0.0,0,Not Started,Delta Construction Group,42189199.77,42189199.77,0.0,-42189199.77,,
MIL-0141,CST,Phase 1,Building C,Excavation,2023-06-01,2023-07-15,2023-07-22,2023-07-22,10.0,100.0,7,Complete,Prime MEP Solutions,21421365.65,21421365.65,20801437.45,-619928.2,,
MIL-0142,CST,Phase 1,Building C,Foundations,2023-07-15,2023-09-07,2023-09-12,2023-09-12,20.0,100.0,5,Complete,Modern Facade Systems,12606931.81,12606931.81,12311889.56,-295042.25,,
MIL-0143,CST,Phase 1,Building C,Structural Frame,2023-09-07,2023-10-13,2023-10-13,2023-10-13,30.0,100.0,-3,Complete,Prime MEP Solutions,19444356.38,19444356.38,19784303.67,339947.29,,
MIL-0144,CST,Phase 1,Building C,Facade,2023-10-13,2023-11-08,2023-11-11,2023-11-11,40.0,100.0,3,Complete,Horizon Build Partners,42375517.39,42375517.39,42091859.67,-283657.72,,
MIL-0145,CST,Phase 1,Building C,MEP,2023-11-08,2024-01-12,2024-01-12,2024-01-12,50.0,100.0,-5,Complete,Prime MEP Solutions,25816557.28,26432314.11,26948645.26,1132087.98,,
MIL-0146,CST,Phase 1,Building C,Internal Finishes,2024-01-12,2024-02-18,2024-02-21,,60.0,59.3,3,In Progress,Delta Construction Group,19482355.36,19482355.36,19621020.92,138665.56,,
MIL-0147,CST,Phase 1,Building C,Landscaping,2024-02-18,2024-04-04,2024-04-14,,70.0,0.0,10,Not Started,Horizon Build Partners,54685324.85,54685324.85,0.0,-54685324.85,,
MIL-0148,CST,Phase 1,Building C,Utilities Connection,2024-04-04,2024-05-18,2024-05-18,,80.0,0.0,-1,Not Started,Cairo Structural Works,50379395.02,51698413.74,0.0,-50379395.02,,
MIL-0149,CST,Phase 1,Building C,Authority Approvals,2024-05-18,2024-06-26,2024-07-06,,90.0,0.0,10,Not Started,Prime MEP Solutions,53510824.14,53510824.14,0.0,-53510824.14,,
MIL-0150,CST,Phase 1,Building C,Testing & Commissioning,2024-06-26,2024-07-23,2024-07-31,,100.0,0.0,8,Not Started,Nile Engineering Contractors,23114857.35,23114857.35,0.0,-23114857.35,,
MIL-0151,CST,Phase 1,Building D,Excavation,2023-06-01,2023-07-26,2023-07-26,2023-07-26,10.0,100.0,-5,Complete,Modern Facade Systems,33837882.37,34221321.44,34898079.09,1060196.72,,
MIL-0152,CST,Phase 1,Building D,Foundations,2023-07-26,2023-09-02,2023-09-04,2023-09-04,20.0,100.0,2,Complete,Modern Facade Systems,44965093.8,45780058.15,46679360.03,1714266.23,,
MIL-0153,CST,Phase 1,Building D,Structural Frame,2023-09-02,2023-11-09,2023-11-10,2023-11-10,30.0,100.0,1,Complete,Nile Engineering Contractors,26916213.01,26916213.01,27169280.14,253067.13,,
MIL-0154,CST,Phase 1,Building D,Facade,2023-11-09,2023-12-19,2023-12-25,2023-12-25,40.0,100.0,6,Complete,Delta Construction Group,27546815.22,27958877.7,28509814.01,962998.79,,
MIL-0155,CST,Phase 1,Building D,MEP,2023-12-19,2024-01-31,2024-01-31,2024-01-31,50.0,100.0,-1,Complete,Nile Engineering Contractors,8436069.92,8683103.41,8851824.81,415754.89,,
MIL-0156,CST,Phase 1,Building D,Internal Finishes,2024-01-31,2024-02-26,2024-02-26,,60.0,72.7,-2,In Progress,Delta Construction Group,27294400.16,27294400.16,27308368.59,13968.43,,
MIL-0157,CST,Phase 1,Building D,Landscaping,2024-02-26,2024-04-11,2024-05-22,,70.0,0.0,41,Not Started,Modern Facade Systems,17605524.38,18714844.32,0.0,-17605524.38,Permit Delay,MEDIUM
MIL-0158,CST,Phase 1,Building D,Utilities Connection,2024-04-11,2024-05-13,2024-05-24,,80.0,0.0,11,Not Started,Horizon Build Partners,38776413.97,38776413.97,0.0,-38776413.97,,
MIL-0159,CST,Phase 1,Building D,Authority Approvals,2024-05-13,2024-07-19,2024-07-20,,90.0,0.0,1,Not Started,Nile Engineering Contractors,17901951.47,18198852.21,0.0,-17901951.47,,
MIL-0160,CST,Phase 1,Building D,Testing & Commissioning,2024-07-19,2024-09-25,2024-09-27,,100.0,0.0,2,Not Started,Horizon Build Partners,43244123.26,44407262.23,0.0,-43244123.26,,
MIL-0161,CST,Phase 2,Building A,Excavation,2023-06-01,2023-06-26,2023-07-04,2023-07-04,10.0,100.0,8,Complete,Delta Construction Group,56842287.64,56842287.64,55227190.36,-1615097.28,,
MIL-0162,CST,Phase 2,Building A,Foundations,2023-06-26,2023-07-21,2023-07-21,2023-07-21,20.0,100.0,-1,Complete,Horizon Build Partners,42786306.34,42786306.34,43347879.06,561572.72,,
MIL-0163,CST,Phase 2,Building A,Structural Frame,2023-07-21,2023-08-20,2023-08-20,2023-08-20,30.0,100.0,-5,Complete,Delta Construction Group,19813854.16,19813854.16,19741666.16,-72188.0,,
MIL-0164,CST,Phase 2,Building A,Facade,2023-08-20,2023-09-30,2023-10-07,2023-10-07,40.0,100.0,7,Complete,Delta Construction Group,14025892.7,14025892.7,13947946.3,-77946.4,,
MIL-0165,CST,Phase 2,Building A,MEP,2023-09-30,2023-11-18,2023-11-20,2023-11-20,50.0,100.0,2,Complete,Horizon Build Partners,47388722.3,47693234.24,48641008.69,1252286.39,,
MIL-0166,CST,Phase 2,Building A,Internal Finishes,2023-11-18,2024-01-04,2024-01-04,,60.0,77.9,-3,In Progress,Delta Construction Group,18529400.92,18926550.28,19297138.3,767737.38,,
MIL-0167,CST,Phase 2,Building A,Landscaping,2024-01-04,2024-02-17,2024-02-18,,70.0,0.0,1,Not Started,Horizon Build Partners,52660337.87,52834420.06,0.0,-52660337.87,,
MIL-0168,CST,Phase 2,Building A,Utilities Connection,2024-02-17,2024-04-25,2024-04-25,,80.0,0.0,-1,Not Started,Horizon Build Partners,47731715.81,47731715.81,0.0,-47731715.81,,
MIL-0169,CST,Phase 2,Building A,Authority Approvals,2024-04-25,2024-06-10,2024-06-17,,90.0,0.0,7,Not Started,Delta Construction Group,10962885.16,10962885.16,0.0,-10962885.16,,
MIL-0170,CST,Phase 2,Building A,Testing & Commissioning,2024-06-10,2024-08-09,2024-08-17,,100.0,0.0,8,Not Started,Nile Engineering Contractors,36991639.51,36991639.51,0.0,-36991639.51,,
MIL-0171,CST,Phase 2,Building B,Excavation,2023-06-01,2023-07-09,2023-07-19,2023-07-19,10.0,100.0,10,Complete,Prime MEP Solutions,8286604.78,8533056.47,8698788.56,412183.78,,
MIL-0172,CST,Phase 2,Building B,Foundations,2023-07-09,2023-09-03,2023-09-04,2023-09-04,20.0,100.0,1,Complete,Delta Construction Group,31232923.05,31232923.05,30441850.85,-791072.2,,
MIL-0173,CST,Phase 2,Building B,Structural Frame,2023-09-03,2023-10-23,2023-11-03,2023-11-03,30.0,100.0,11,Complete,Nile Engineering Contractors,12780584.45,12780584.45,12550226.37,-230358.08,,
MIL-0174,CST,Phase 2,Building B,Facade,2023-10-23,2023-12-05,2023-12-09,2023-12-09,40.0,100.0,4,Complete,Prime MEP Solutions,40035747.12,40035747.12,40105158.61,69411.49,,
MIL-0175,CST,Phase 2,Building B,MEP,2023-12-05,2024-01-13,2024-01-20,2024-01-20,50.0,100.0,7,Complete,Modern Facade Systems,50414359.24,50414359.24,49864553.62,-549805.62,,
MIL-0176,CST,Phase 2,Building B,Internal Finishes,2024-01-13,2024-03-15,2024-03-25,,60.0,74.0,10,In Progress,Horizon Build Partners,23467274.56,23467274.56,23385830.02,-81444.54,,
MIL-0177,CST,Phase 2,Building B,Landscaping,2024-03-15,2024-05-21,2024-05-31,,70.0,0.0,10,Not Started,Delta Construction Group,40866652.2,40866652.2,0.0,-40866652.2,,
MIL-0178,CST,Phase 2,Building B,Utilities Connection,2024-05-21,2024-07-21,2024-07-29,,80.0,0.0,8,Not Started,Nile Engineering Contractors,49146600.22,50201614.88,0.0,-49146600.22,,
MIL-0179,CST,Phase 2,Building B,Authority Approvals,2024-07-21,2024-09-03,2024-09-03,,90.0,0.0,-1,Not Started,Horizon Build Partners,12567482.96,12610401.99,0.0,-12567482.96,,
MIL-0180,CST,Phase 2,Building B,Testing & Commissioning,2024-09-03,2024-10-11,2024-10-11,,100.0,0.0,-3,Not Started,Nile Engineering Contractors,55473426.31,56763385.98,0.0,-55473426.31,,
MIL-0181,CST,Phase 2,Building C,Excavation,2023-06-01,2023-07-22,2023-07-25,2023-07-25,10.0,100.0,3,Complete,Horizon Build Partners,50517555.17,50517555.17,51203084.3,685529.13,,
MIL-0182,CST,Phase 2,Building C,Foundations,2023-07-22,2023-08-31,2023-10-09,2023-10-09,20.0,100.0,39,Complete (Delayed),Prime MEP Solutions,14952914.96,15937743.08,16236801.38,1283886.42,Materials Procurement Delay,MEDIUM
MIL-0183,CST,Phase 2,Building C,Structural Frame,2023-08-31,2023-09-30,2023-10-03,2023-10-03,30.0,100.0,3,Complete,Nile Engineering Contractors,37222868.33,37222868.33,37214515.69,-8352.64,,
MIL-0184,CST,Phase 2,Building C,Facade,2023-09-30,2023-11-17,2023-11-22,2023-11-22,40.0,100.0,5,Complete,Horizon Build Partners,52436943.58,52934617.23,53983356.11,1546412.53,,
MIL-0185,CST,Phase 2,Building C,MEP,2023-11-17,2024-01-12,2024-01-16,2024-01-16,50.0,100.0,4,Complete,Horizon Build Partners,17915023.01,17964339.24,18322639.7,407616.69,,
MIL-0186,CST,Phase 2,Building C,Internal Finishes,2024-01-12,2024-03-06,2024-03-09,,60.0,81.8,3,In Progress,Horizon Build Partners,24647312.83,24647312.83,24607285.11,-40027.72,,
MIL-0187,CST,Phase 2,Building C,Landscaping,2024-03-06,2024-04-25,2024-05-06,,70.0,0.0,11,Not Started,Horizon Build Partners,20088755.2,20088755.2,0.0,-20088755.2,,
MIL-0188,CST,Phase 2,Building C,Utilities Connection,2024-04-25,2024-06-09,2024-06-19,,80.0,0.0,10,Not Started,Delta Construction Group,46181632.7,46355927.37,0.0,-46181632.7,,
MIL-0189,CST,Phase 2,Building C,Authority Approvals,2024-06-09,2024-07-15,2024-08-05,,90.0,0.0,21,Not Started,Prime MEP Solutions,10566261.03,10566261.03,0.0,-10566261.03,Materials Procurement Delay,MEDIUM
MIL-0190,CST,Phase 2,Building C,Testing & Commissioning,2024-07-15,2024-08-14,2024-08-20,,100.0,0.0,6,Not Started,Modern Facade Systems,34016109.53,34724426.35,0.0,-34016109.53,,
MIL-0191,CST,Phase 2,Building D,Excavation,2023-06-01,2023-07-19,2023-07-19,2023-07-19,10.0,100.0,-1,Complete,Horizon Build Partners,48584014.59,49960868.29,50932548.58,2348533.99,,
MIL-0192,CST,Phase 2,Building D,Foundations,2023-07-19,2023-09-19,2023-09-21,2023-09-21,20.0,100.0,2,Complete,Nile Engineering Contractors,17513134.43,17837538.58,18187801.27,674666.84,,
MIL-0193,CST,Phase 2,Building D,Structural Frame,2023-09-19,2023-11-20,2023-11-27,2023-11-27,30.0,100.0,7,Complete,Cairo Structural Works,23972937.97,23972937.97,24369245.57,396307.6,,
MIL-0194,CST,Phase 2,Building D,Facade,2023-11-20,2023-12-24,2024-01-20,2024-01-20,40.0,100.0,27,Complete (Delayed),Horizon Build Partners,17284632.93,17765095.54,18110788.19,826155.26,Permit Delay,MEDIUM
MIL-0195,CST,Phase 2,Building D,MEP,2023-12-24,2024-01-28,2024-02-06,2024-02-06,50.0,100.0,9,Complete,Cairo Structural Works,26695837.23,26833861.38,27367778.13,671940.9,,
MIL-0196,CST,Phase 2,Building D,Internal Finishes,2024-01-28,2024-03-20,2024-03-20,,60.0,55.1,-1,In Progress,Prime MEP Solutions,24203475.44,24203475.44,24517452.6,313977.16,,
MIL-0197,CST,Phase 2,Building D,Landscaping,2024-03-20,2024-04-27,2024-05-06,,70.0,0.0,9,Not Started,Prime MEP Solutions,49308209.54,50783010.75,0.0,-49308209.54,,
MIL-0198,CST,Phase 2,Building D,Utilities Connection,2024-04-27,2024-07-02,2024-07-04,,80.0,0.0,2,Not Started,Horizon Build Partners,41855297.73,41855297.73,0.0,-41855297.73,,
MIL-0199,CST,Phase 2,Building D,Authority Approvals,2024-07-02,2024-09-03,2024-09-28,,90.0,0.0,25,Not Started,Horizon Build Partners,23823952.15,23823952.15,0.0,-23823952.15,Materials Procurement Delay,MEDIUM
MIL-0200,CST,Phase 2,Building D,Testing & Commissioning,2024-09-03,2024-10-25,2024-12-01,,100.0,0.0,37,Not Started,Cairo Structural Works,52203108.69,54151609.47,0.0,-52203108.69,Materials Procurement Delay,MEDIUM
MIL-0201,VTX,Phase 1,Building A,Excavation,2022-09-01,2022-10-26,2022-10-30,2022-10-30,10.0,100.0,4,Complete,Nile Engineering Contractors,58843090.76,59365197.32,60542059.14,1698968.38,,
MIL-0202,VTX,Phase 1,Building A,Foundations,2022-10-26,2022-12-23,2022-12-27,2022-12-27,20.0,100.0,4,Complete,Modern Facade Systems,15746507.94,15930567.59,16245497.75,498989.81,,
MIL-0203,VTX,Phase 1,Building A,Structural Frame,2022-12-23,2023-02-19,2023-02-22,2023-02-22,30.0,100.0,3,Complete,Prime MEP Solutions,28471217.42,29061148.33,29630572.68,1159355.26,,
MIL-0204,VTX,Phase 1,Building A,Facade,2023-02-19,2023-04-17,2023-04-17,2023-04-17,40.0,100.0,-4,Complete,Nile Engineering Contractors,35402463.22,35402463.22,34923616.61,-478846.61,,
MIL-0205,VTX,Phase 1,Building A,MEP,2023-04-17,2023-05-23,2023-05-29,2023-05-29,50.0,100.0,6,Complete,Prime MEP Solutions,55712969.02,56352072.49,57466331.87,1753362.85,,
MIL-0206,VTX,Phase 1,Building A,Internal Finishes,2023-05-23,2023-07-14,2023-07-14,2023-07-14,60.0,100.0,-4,Complete,Cairo Structural Works,44642088.13,44642088.13,44909038.92,266950.79,,
MIL-0207,VTX,Phase 1,Building A,Landscaping,2023-07-14,2023-08-18,2023-08-23,2023-08-23,70.0,100.0,5,Complete,Nile Engineering Contractors,37712677.33,37712677.33,37648894.0,-63783.33,,
MIL-0208,VTX,Phase 1,Building A,Utilities Connection,2023-08-18,2023-10-15,2023-10-17,2023-10-17,80.0,100.0,2,Complete,Modern Facade Systems,33517524.45,34199765.81,34870116.3,1352591.85,,
MIL-0209,VTX,Phase 1,Building A,Authority Approvals,2023-10-15,2023-12-04,2023-12-04,,90.0,0.0,-2,Not Started,Horizon Build Partners,58866878.45,58866878.45,0.0,-58866878.45,,
MIL-0210,VTX,Phase 1,Building A,Testing & Commissioning,2023-12-04,2024-01-24,2024-01-25,,100.0,0.0,1,Not Started,Modern Facade Systems,32064426.71,32064426.71,0.0,-32064426.71,,
MIL-0211,VTX,Phase 1,Building B,Excavation,2022-09-01,2022-11-09,2022-11-09,2022-11-09,10.0,100.0,-5,Complete,Prime MEP Solutions,40983080.02,40983080.02,41231933.55,248853.53,,
MIL-0212,VTX,Phase 1,Building B,Foundations,2022-11-09,2022-12-19,2022-12-19,2022-12-19,20.0,100.0,-4,Complete,Horizon Build Partners,55802489.54,57311349.0,58427398.79,2624909.25,,
MIL-0213,VTX,Phase 1,Building B,Structural Frame,2022-12-19,2023-02-23,2023-03-04,2023-03-04,30.0,100.0,9,Complete,Delta Construction Group,37437319.86,37437319.86,36411626.93,-1025692.93,,
MIL-0214,VTX,Phase 1,Building B,Facade,2023-02-23,2023-03-20,2023-03-24,2023-03-24,40.0,100.0,4,Complete,Delta Construction Group,24293714.63,24905180.52,25391054.82,1097340.19,,
MIL-0215,VTX,Phase 1,Building B,MEP,2023-03-20,2023-05-02,2023-05-04,2023-05-04,50.0,100.0,2,Complete,Horizon Build Partners,15797825.06,15797825.06,16109462.72,311637.66,,
MIL-0216,VTX,Phase 1,Building B,Internal Finishes,2023-05-02,2023-05-28,2023-06-04,2023-06-04,60.0,100.0,7,Complete,Horizon Build Partners,43121026.01,43121026.01,42577792.78,-543233.23,,
MIL-0217,VTX,Phase 1,Building B,Landscaping,2023-05-28,2023-07-13,2023-07-13,2023-07-13,70.0,100.0,-1,Complete,Horizon Build Partners,55727654.01,55727654.01,55925755.55,198101.54,,
MIL-0218,VTX,Phase 1,Building B,Utilities Connection,2023-07-13,2023-08-29,2023-08-29,2023-08-29,80.0,100.0,0,Complete,Modern Facade Systems,36573111.77,36573111.77,36595198.56,22086.79,,
MIL-0219,VTX,Phase 1,Building B,Authority Approvals,2023-08-29,2023-10-13,2023-10-13,,90.0,0.0,-5,Not Started,Nile Engineering Contractors,27012541.06,27324341.64,0.0,-27012541.06,,
MIL-0220,VTX,Phase 1,Building B,Testing & Commissioning,2023-10-13,2023-11-12,2023-12-22,,100.0,0.0,40,Not Started,Nile Engineering Contractors,45367191.36,45367191.36,0.0,-45367191.36,Permit Delay,MEDIUM
MIL-0221,VTX,Phase 1,Building C,Excavation,2022-09-01,2022-10-17,2022-10-26,2022-10-26,10.0,100.0,9,Complete,Cairo Structural Works,54149005.35,54149005.35,54402777.43,253772.08,,
MIL-0222,VTX,Phase 1,Building C,Foundations,2022-10-17,2022-12-03,2022-12-06,2022-12-06,20.0,100.0,3,Complete,Prime MEP Solutions,15848241.0,15848241.0,15464653.9,-383587.1,,
MIL-0223,VTX,Phase 1,Building C,Structural Frame,2022-12-03,2023-01-02,2023-01-04,2023-01-04,30.0,100.0,2,Complete,Modern Facade Systems,47685645.61,47685645.61,47929112.09,243466.48,,
MIL-0224,VTX,Phase 1,Building C,Facade,2023-01-02,2023-03-11,2023-03-17,2023-03-17,40.0,100.0,6,Complete,Cairo Structural Works,38413546.03,38413546.03,38191847.14,-221698.89,,
MIL-0225,VTX,Phase 1,Building C,MEP,2023-03-11,2023-05-19,2023-05-25,2023-05-25,50.0,100.0,6,Complete,Prime MEP Solutions,36127926.66,36542882.4,37265440.94,1137514.28,,
MIL-0226,VTX,Phase 1,Building C,Internal Finishes,2023-05-19,2023-07-15,2023-07-15,2023-07-15,60.0,100.0,0,Complete,Nile Engineering Contractors,34395572.36,34395572.36,34165824.98,-229747.38,,
MIL-0227,VTX,Phase 1,Building C,Landscaping,2023-07-15,2023-08-21,2023-09-19,2023-09-19,70.0,100.0,29,Complete (Delayed),Prime MEP Solutions,49194523.37,53715607.06,54699497.53,5504974.16,Labor Shortage,MEDIUM
MIL-0228,VTX,Phase 1,Building C,Utilities Connection,2023-08-21,2023-10-19,2023-10-19,2023-10-19,80.0,100.0,-1,Complete,Prime MEP Solutions,37443158.73,37443158.73,36961996.71,-481162.02,,
MIL-0229,VTX,Phase 1,Building C,Authority Approvals,2023-10-19,2023-12-04,2023-12-13,,90.0,0.0,9,Not Started,Cairo Structural Works,46682653.4,47151619.8,0.0,-46682653.4,,
MIL-0230,VTX,Phase 1,Building C,Testing & Commissioning,2023-12-04,2024-01-01,2024-02-17,,100.0,0.0,47,Not Started,Cairo Structural Works,33643387.85,36614279.87,0.0,-33643387.85,Permit Delay,MEDIUM
MIL-0231,VTX,Phase 1,Building D,Excavation,2022-09-01,2022-11-06,2022-11-10,2022-11-10,10.0,100.0,4,Complete,Modern Facade Systems,28523135.15,28523135.15,28369229.88,-153905.27,,
MIL-0232,VTX,Phase 1,Building D,Foundations,2022-11-06,2022-12-13,2022-12-13,2022-12-13,20.0,100.0,-2,Complete,Delta Construction Group,10209420.3,10209420.3,10116177.3,-93243.0,,
MIL-0233,VTX,Phase 1,Building D,Structural Frame,2022-12-13,2023-02-01,2023-02-06,2023-02-06,30.0,100.0,5,Complete,Delta Construction Group,35149749.4,35149749.4,34135298.97,-1014450.43,,
MIL-0234,VTX,Phase 1,Building D,Facade,2023-02-01,2023-03-11,2023-03-11,2023-03-11,40.0,100.0,0,Complete,Modern Facade Systems,16056354.26,16056354.26,15965356.49,-90997.77,,
MIL-0235,VTX,Phase 1,Building D,MEP,2023-03-11,2023-04-28,2023-04-28,2023-04-28,50.0,100.0,-2,Complete,Delta Construction Group,55247562.31,55247562.31,54470434.07,-777128.24,,
MIL-0236,VTX,Phase 1,Building D,Internal Finishes,2023-04-28,2023-07-06,2023-07-12,2023-07-12,60.0,100.0,6,Complete,Horizon Build Partners,38515258.81,38515258.81,39150534.71,635275.9,,
MIL-0237,VTX,Phase 1,Building D,Landscaping,2023-07-06,2023-08-19,2023-08-19,2023-08-19,70.0,100.0,-4,Complete,Horizon Build Partners,28178819.14,28179979.1,28743555.48,564736.34,,
MIL-0238,VTX,Phase 1,Building D,Utilities Connection,2023-08-19,2023-09-27,2023-09-27,2023-09-27,80.0,100.0,-2,Complete,Delta Construction Group,10118126.32,10118126.32,10156058.74,37932.42,,
MIL-0239,VTX,Phase 1,Building D,Authority Approvals,2023-09-27,2023-11-28,2023-12-24,,90.0,0.0,26,Not Started,Delta Construction Group,56243206.3,56243206.3,0.0,-56243206.3,Weather Delay,MEDIUM
MIL-0240,VTX,Phase 1,Building D,Testing & Commissioning,2023-11-28,2024-01-01,2024-01-10,,100.0,0.0,9,Not Started,Cairo Structural Works,19028658.09,19028658.09,0.0,-19028658.09,,
MIL-0241,VTX,Phase 2,Building A,Excavation,2022-09-01,2022-10-21,2022-10-24,2022-10-24,10.0,100.0,3,Complete,Nile Engineering Contractors,29816114.42,29816114.42,30080828.4,264713.98,,
MIL-0242,VTX,Phase 2,Building A,Foundations,2022-10-21,2022-11-19,2022-11-19,2022-11-19,20.0,100.0,-2,Complete,Prime MEP Solutions,11966254.14,11966254.14,12117274.48,151020.34,,
MIL-0243,VTX,Phase 2,Building A,Structural Frame,2022-11-19,2023-01-19,2023-01-19,2023-01-19,30.0,100.0,-2,Complete,Nile Engineering Contractors,31669731.31,32488756.39,33122151.02,1452419.71,,
MIL-0244,VTX,Phase 2,Building A,Facade,2023-01-19,2023-03-09,2023-03-11,2023-03-11,40.0,100.0,2,Complete,Modern Facade Systems,24082602.3,24381338.68,24862990.73,780388.43,,
MIL-0245,VTX,Phase 2,Building A,MEP,2023-03-09,2023-05-05,2023-05-12,2023-05-12,50.0,100.0,7,Complete,Nile Engineering Contractors,38139395.89,39181759.57,39944547.49,1805151.6,,
MIL-0246,VTX,Phase 2,Building A,Internal Finishes,2023-05-05,2023-07-09,2023-07-09,2023-07-09,60.0,100.0,-3,Complete,Cairo Structural Works,49306354.31,49306354.31,50164214.47,857860.16,,
MIL-0247,VTX,Phase 2,Building A,Landscaping,2023-07-09,2023-08-06,2023-08-06,2023-08-06,70.0,100.0,-2,Complete,Prime MEP Solutions,26314147.61,26956336.6,27482619.56,1168471.95,,
MIL-0248,VTX,Phase 2,Building A,Utilities Connection,2023-08-06,2023-09-02,2023-09-02,2023-09-02,80.0,100.0,-1,Complete,Horizon Build Partners,26157962.23,26157962.23,26122985.81,-34976.42,,
MIL-0249,VTX,Phase 2,Building A,Authority Approvals,2023-09-02,2023-10-04,2023-10-04,,90.0,0.0,-5,Not Started,Modern Facade Systems,59091689.41,60497289.9,0.0,-59091689.41,,
MIL-0250,VTX,Phase 2,Building A,Testing & Commissioning,2023-10-04,2023-11-09,2023-11-09,,100.0,0.0,0,Not Started,Delta Construction Group,33496483.71,34192350.11,0.0,-33496483.71,,
MIL-0251,VTX,Phase 2,Building B,Excavation,2022-09-01,2022-10-22,2022-10-30,2022-10-30,10.0,100.0,8,Complete,Nile Engineering Contractors,59934628.11,61161628.89,62360321.45,2425693.34,,
MIL-0252,VTX,Phase 2,Building B,Foundations,2022-10-22,2022-11-24,2022-11-29,2022-11-29,20.0,100.0,5,Complete,Cairo Structural Works,38481102.56,38481102.56,37885114.86,-595987.7,,
MIL-0253,VTX,Phase 2,Building B,Structural Frame,2022-11-24,2023-01-03,2023-01-03,2023-01-03,30.0,100.0,-2,Complete,Modern Facade Systems,47568566.22,48897786.85,49849158.18,2280591.96,,
MIL-0254,VTX,Phase 2,Building B,Facade,2023-01-03,2023-03-06,2023-03-06,2023-03-06,40.0,100.0,0,Complete,Prime MEP Solutions,13499059.04,13879777.3,14149758.48,650699.44,,
MIL-0255,VTX,Phase 2,Building B,MEP,2023-03-06,2023-04-18,2023-04-28,2023-04-28,50.0,100.0,10,Complete,Horizon Build Partners,34914458.91,34914458.91,34731422.83,-183036.08,,
MIL-0256,VTX,Phase 2,Building B,Internal Finishes,2023-04-18,2023-05-22,2023-06-08,2023-06-08,60.0,100.0,17,Complete (Delayed),Modern Facade Systems,56450455.15,57709894.29,58838903.39,2388448.24,Labor Shortage,MEDIUM
MIL-0257,VTX,Phase 2,Building B,Landscaping,2023-05-22,2023-07-22,2023-07-25,2023-07-25,70.0,100.0,3,Complete,Delta Construction Group,46097871.29,46097871.29,45649965.45,-447905.84,,
MIL-0258,VTX,Phase 2,Building B,Utilities Connection,2023-07-22,2023-08-28,2023-08-28,2023-08-28,80.0,100.0,-4,Complete,Nile Engineering Contractors,24012932.32,24012932.32,23920461.85,-92470.47,,
MIL-0259,VTX,Phase 2,Building B,Authority Approvals,2023-08-28,2023-11-01,2023-11-12,,90.0,0.0,11,Not Started,Nile Engineering Contractors,24481173.79,24481173.79,0.0,-24481173.79,,
MIL-0260,VTX,Phase 2,Building B,Testing & Commissioning,2023-11-01,2024-01-03,2024-01-03,,100.0,0.0,-2,Not Started,Delta Construction Group,29654124.88,29654124.88,0.0,-29654124.88,,
MIL-0261,VTX,Phase 2,Building C,Excavation,2022-09-01,2022-11-04,2022-11-04,2022-11-04,10.0,100.0,-2,Complete,Prime MEP Solutions,26883181.65,26883181.65,26839013.87,-44167.78,,
MIL-0262,VTX,Phase 2,Building C,Foundations,2022-11-04,2022-12-12,2022-12-12,2022-12-12,20.0,100.0,-2,Complete,Delta Construction Group,13167714.39,13167714.39,13257566.97,89852.58,,
MIL-0263,VTX,Phase 2,Building C,Structural Frame,2022-12-12,2023-02-17,2023-02-19,2023-02-19,30.0,100.0,2,Complete,Modern Facade Systems,40461414.44,40461414.44,39918969.8,-542444.64,,
MIL-0264,VTX,Phase 2,Building C,Facade,2023-02-17,2023-04-06,2023-04-16,2023-04-16,40.0,100.0,10,Complete,Modern Facade Systems,33439779.5,33439779.5,33944188.37,504408.87,,
MIL-0265,VTX,Phase 2,Building C,MEP,2023-04-06,2023-05-15,2023-05-16,2023-05-16,50.0,100.0,1,Complete,Horizon Build Partners,35689390.59,35689390.59,35170573.77,-518816.82,,
MIL-0266,VTX,Phase 2,Building C,Internal Finishes,2023-05-15,2023-07-09,2023-07-09,2023-07-09,60.0,100.0,-2,Complete,Modern Facade Systems,45293230.35,45293230.35,45117043.53,-176186.82,,
MIL-0267,VTX,Phase 2,Building C,Landscaping,2023-07-09,2023-08-23,2023-09-01,2023-09-01,70.0,100.0,9,Complete,Delta Construction Group,42091318.25,42091318.25,42334819.11,243500.86,,
MIL-0268,VTX,Phase 2,Building C,Utilities Connection,2023-08-23,2023-10-18,2023-10-23,2023-10-23,80.0,100.0,5,Complete,Modern Facade Systems,47141171.67,47141171.67,47811270.95,670099.28,,
MIL-0269,VTX,Phase 2,Building C,Authority Approvals,2023-10-18,2023-11-13,2023-12-18,,90.0,0.0,35,Not Started,Horizon Build Partners,33810575.18,35924675.19,0.0,-33810575.18,Weather Delay,MEDIUM
MIL-0270,VTX,Phase 2,Building C,Testing & Commissioning,2023-11-13,2024-01-05,2024-01-05,,100.0,0.0,-4,Not Started,Horizon Build Partners,27118821.99,27118821.99,0.0,-27118821.99,,
MIL-0271,VTX,Phase 2,Building D,Excavation,2022-09-01,2022-10-26,2022-10-27,2022-10-27,10.0,100.0,1,Complete,Nile Engineering Contractors,15275318.96,15275318.96,15147361.53,-127957.43,,
MIL-0272,VTX,Phase 2,Building D,Foundations,2022-10-26,2022-12-29,2023-01-05,2023-01-05,20.0,100.0,7,Complete,Nile Engineering Contractors,35788048.95,36042201.22,36757962.2,969913.25,,
MIL-0273,VTX,Phase 2,Building D,Structural Frame,2022-12-29,2023-02-03,2023-02-12,2023-02-12,30.0,100.0,9,Complete,Horizon Build Partners,13425714.3,13425714.3,13465365.46,39651.16,,
MIL-0274,VTX,Phase 2,Building D,Facade,2023-02-03,2023-04-08,2023-04-12,2023-04-12,40.0,100.0,4,Complete,Prime MEP Solutions,49905831.97,49905831.97,48752560.61,-1153271.36,,
MIL-0275,VTX,Phase 2,Building D,MEP,2023-04-08,2023-05-14,2023-05-15,2023-05-15,50.0,100.0,1,Complete,Nile Engineering Contractors,31964658.79,31964658.79,31669371.24,-295287.55,,
MIL-0276,VTX,Phase 2,Building D,Internal Finishes,2023-05-14,2023-07-21,2023-07-25,2023-07-25,60.0,100.0,4,Complete,Cairo Structural Works,38430174.99,38430174.99,37625444.13,-804730.86,,
MIL-0277,VTX,Phase 2,Building D,Landscaping,2023-07-21,2023-09-06,2023-09-07,2023-09-07,70.0,100.0,1,Complete,Delta Construction Group,29698149.22,30236626.94,30830589.93,1132440.71,,
MIL-0278,VTX,Phase 2,Building D,Utilities Connection,2023-09-06,2023-10-01,2023-10-01,2023-10-01,80.0,100.0,-1,Complete,Nile Engineering Contractors,36992012.89,36992012.89,35955792.43,-1036220.46,,
MIL-0279,VTX,Phase 2,Building D,Authority Approvals,2023-10-01,2023-11-16,2023-11-16,,90.0,0.0,-3,Not Started,Cairo Structural Works,43244043.75,44437258.19,0.0,-43244043.75,,
MIL-0280,VTX,Phase 2,Building D,Testing & Commissioning,2023-11-16,2023-12-13,2023-12-23,,100.0,0.0,10,Not Started,Modern Facade Systems,16390581.36,16644043.83,0.0,-16390581.36,,
MIL-0281,HVW,Phase 1,Building A,Excavation,2023-01-01,2023-03-07,2023-03-30,2023-03-30,10.0,100.0,23,Complete (Delayed),Cairo Structural Works,33069133.6,35870976.94,36532359.61,3463226.01,Labor Shortage,MEDIUM
MIL-0282,HVW,Phase 1,Building A,Foundations,2023-03-07,2023-04-10,2023-04-10,2023-04-10,20.0,100.0,-4,Complete,Modern Facade Systems,24990275.54,25296858.98,25796664.49,806388.95,,
MIL-0283,HVW,Phase 1,Building A,Structural Frame,2023-04-10,2023-05-25,2023-05-27,2023-05-27,30.0,100.0,2,Complete,Modern Facade Systems,20900243.6,21413406.35,21831411.22,931167.62,,
MIL-0284,HVW,Phase 1,Building A,Facade,2023-05-25,2023-07-24,2023-07-24,2023-07-24,40.0,100.0,0,Complete,Prime MEP Solutions,19887578.12,19887578.12,19904981.93,17403.81,,
MIL-0285,HVW,Phase 1,Building A,MEP,2023-07-24,2023-09-25,2023-10-02,2023-10-02,50.0,100.0,7,Complete,Delta Construction Group,26037732.55,26037732.55,26375626.58,337894.03,,
MIL-0286,HVW,Phase 1,Building A,Internal Finishes,2023-09-25,2023-10-20,2023-10-20,2023-10-20,60.0,100.0,-5,Complete,Delta Construction Group,42684724.87,43691075.72,44544770.22,1860045.35,,
MIL-0287,HVW,Phase 1,Building A,Landscaping,2023-10-20,2023-11-27,2023-12-04,2023-12-04,70.0,100.0,7,Complete,Horizon Build Partners,29482107.7,29482107.7,28740117.85,-741989.85,,
MIL-0288,HVW,Phase 1,Building A,Utilities Connection,2023-11-27,2024-01-18,2024-01-27,,80.0,0.0,9,Not Started,Nile Engineering Contractors,15234555.75,15234555.75,0.0,-15234555.75,,
MIL-0289,HVW,Phase 1,Building A,Authority Approvals,2024-01-18,2024-03-02,2024-03-02,,90.0,0.0,0,Not Started,Delta Construction Group,33640524.2,34128735.82,0.0,-33640524.2,,
MIL-0290,HVW,Phase 1,Building A,Testing & Commissioning,2024-03-02,2024-05-04,2024-05-11,,100.0,0.0,7,Not Started,Horizon Build Partners,53824875.09,53824875.09,0.0,-53824875.09,,
MIL-0291,HVW,Phase 1,Building B,Excavation,2023-01-01,2023-01-30,2023-02-01,2023-02-01,10.0,100.0,2,Complete,Cairo Structural Works,44075199.64,44075199.64,43590998.37,-484201.27,,
MIL-0292,HVW,Phase 1,Building B,Foundations,2023-01-30,2023-03-25,2023-03-25,2023-03-25,20.0,100.0,-1,Complete,Prime MEP Solutions,15326921.92,15326921.92,15312632.1,-14289.82,,
MIL-0293,HVW,Phase 1,Building B,Structural Frame,2023-03-25,2023-05-04,2023-05-04,2023-05-04,30.0,100.0,-5,Complete,Horizon Build Partners,59472087.87,59472087.87,58281199.78,-1190888.09,,
MIL-0294,HVW,Phase 1,Building B,Facade,2023-05-04,2023-07-03,2023-08-16,2023-08-16,40.0,100.0,44,Complete (Delayed),Cairo Structural Works,30705296.54,31421925.19,32036031.13,1330734.59,Weather Delay,MEDIUM
MIL-0295,HVW,Phase 1,Building B,MEP,2023-07-03,2023-08-13,2023-08-13,2023-08-13,50.0,100.0,0,Complete,Cairo Structural Works,40524051.1,40524051.1,40730314.1,206263.0,,
MIL-0296,HVW,Phase 1,Building B,Internal Finishes,2023-08-13,2023-10-03,2023-10-03,2023-10-03,60.0,100.0,0,Complete,Cairo Structural Works,8161620.58,8208187.76,8371420.18,209799.6,,
MIL-0297,HVW,Phase 1,Building B,Landscaping,2023-10-03,2023-11-13,2023-11-13,2023-11-13,70.0,100.0,-2,Complete,Horizon Build Partners,56733887.5,56733887.5,56256604.71,-477282.79,,
MIL-0298,HVW,Phase 1,Building B,Utilities Connection,2023-11-13,2024-01-01,2024-01-05,,80.0,0.0,4,Not Started,Modern Facade Systems,46707801.2,46707801.2,0.0,-46707801.2,,
MIL-0299,HVW,Phase 1,Building B,Authority Approvals,2024-01-01,2024-02-29,2024-02-29,,90.0,0.0,-4,Not Started,Modern Facade Systems,56598295.7,56598295.7,0.0,-56598295.7,,
MIL-0300,HVW,Phase 1,Building B,Testing & Commissioning,2024-02-29,2024-04-25,2024-04-25,,100.0,0.0,-5,Not Started,Delta Construction Group,49326882.54,50162518.21,0.0,-49326882.54,,
MIL-0301,HVW,Phase 1,Building C,Excavation,2023-01-01,2023-02-24,2023-03-01,2023-03-01,10.0,100.0,5,Complete,Cairo Structural Works,8280486.34,8280486.34,8242579.11,-37907.23,,
MIL-0302,HVW,Phase 1,Building C,Foundations,2023-02-24,2023-04-12,2023-04-23,2023-04-23,20.0,100.0,11,Complete,Nile Engineering Contractors,35926620.47,35926620.47,36603322.34,676701.87,,
MIL-0303,HVW,Phase 1,Building C,Structural Frame,2023-04-12,2023-05-31,2023-06-05,2023-06-05,30.0,100.0,5,Complete,Cairo Structural Works,52710052.39,53925866.3,54980067.34,2270014.95,,
MIL-0304,HVW,Phase 1,Building C,Facade,2023-05-31,2023-07-18,2023-07-22,2023-07-22,40.0,100.0,4,Complete,Cairo Structural Works,40566663.97,40566663.97,39804226.2,-762437.77,,
MIL-0305,HVW,Phase 1,Building C,MEP,2023-07-18,2023-09-06,2023-09-06,2023-09-06,50.0,100.0,-5,Complete,Cairo Structural Works,47403989.08,47449853.21,48397933.0,993943.92,,
MIL-0306,HVW,Phase 1,Building C,Internal Finishes,2023-09-06,2023-10-04,2023-10-09,2023-10-09,60.0,100.0,5,Complete,Modern Facade Systems,27260346.33,27260346.33,27476134.65,215788.32,,
MIL-0307,HVW,Phase 1,Building C,Landscaping,2023-10-04,2023-11-03,2023-11-10,2023-11-10,70.0,100.0,7,Complete,Delta Construction Group,49574658.04,49855039.04,50846532.21,1271874.17,,
MIL-0308,HVW,Phase 1,Building C,Utilities Connection,2023-11-03,2023-12-19,2023-12-26,,80.0,0.0,7,Not Started,Cairo Structural Works,42601034.09,42601034.09,0.0,-42601034.09,,
MIL-0309,HVW,Phase 1,Building C,Authority Approvals,2023-12-19,2024-02-13,2024-02-19,,90.0,0.0,6,Not Started,Horizon Build Partners,17908193.53,18086275.43,0.0,-17908193.53,,
MIL-0310,HVW,Phase 1,Building C,Testing & Commissioning,2024-02-13,2024-04-06,2024-04-06,,100.0,0.0,-2,Not Started,Horizon Build Partners,53526508.12,53526508.12,0.0,-53526508.12,,
MIL-0311,HVW,Phase 1,Building D,Excavation,2023-01-01,2023-02-26,2023-02-26,2023-02-26,10.0,100.0,-1,Complete,Modern Facade Systems,57644313.5,57644313.5,56558279.21,-1086034.29,,
MIL-0312,HVW,Phase 1,Building D,Foundations,2023-02-26,2023-04-10,2023-04-16,2023-04-16,20.0,100.0,6,Complete,Nile Engineering Contractors,9515763.3,9515763.3,9544014.54,28251.24,,
MIL-0313,HVW,Phase 1,Building D,Structural Frame,2023-04-10,2023-05-05,2023-05-05,2023-05-05,30.0,100.0,-4,Complete,Prime MEP Solutions,44310822.46,44473528.27,45359744.72,1048922.26,,
MIL-0314,HVW,Phase 1,Building D,Facade,2023-05-05,2023-07-02,2023-07-03,2023-07-03,40.0,100.0,1,Complete,Delta Construction Group,16472945.11,16472945.11,16300072.52,-172872.59,,
MIL-0315,HVW,Phase 1,Building D,MEP,2023-07-02,2023-09-07,2023-10-04,2023-10-04,50.0,100.0,27,Complete (Delayed),Prime MEP Solutions,28128990.3,28128990.3,27674241.41,-454748.89,Labor Shortage,MEDIUM
MIL-0316,HVW,Phase 1,Building D,Internal Finishes,2023-09-07,2023-10-26,2023-10-26,2023-10-26,60.0,100.0,-2,Complete,Cairo Structural Works,39806964.51,39806964.51,40091900.49,284935.98,,
MIL-0317,HVW,Phase 1,Building D,Landscaping,2023-10-26,2023-12-30,2023-12-30,2023-12-30,70.0,100.0,0,Complete,Cairo Structural Works,43027246.74,43838162.24,44698707.17,1671460.43,,
MIL-0318,HVW,Phase 1,Building D,Utilities Connection,2023-12-30,2024-02-25,2024-02-25,,80.0,0.0,0,Not Started,Cairo Structural Works,43510213.68,43510213.68,0.0,-43510213.68,,
MIL-0319,HVW,Phase 1,Building D,Authority Approvals,2024-02-25,2024-03-22,2024-03-24,,90.0,0.0,2,Not Started,Cairo Structural Works,19709417.8,19816458.85,0.0,-19709417.8,,
MIL-0320,HVW,Phase 1,Building D,Testing & Commissioning,2024-03-22,2024-04-21,2024-04-27,,100.0,0.0,6,Not Started,Cairo Structural Works,59796311.28,59796311.28,0.0,-59796311.28,,
MIL-0321,HVW,Phase 2,Building A,Excavation,2023-01-01,2023-03-10,2023-04-24,2023-04-24,10.0,100.0,45,Complete (Delayed),Nile Engineering Contractors,31415269.9,32836904.54,33465209.94,2049940.04,Weather Delay,MEDIUM
MIL-0322,HVW,Phase 2,Building A,Foundations,2023-03-10,2023-05-18,2023-05-18,2023-05-18,20.0,100.0,0,Complete,Cairo Structural Works,47846224.15,49261179.81,50218104.29,2371880.14,,
MIL-0323,HVW,Phase 2,Building A,Structural Frame,2023-05-18,2023-06-29,2023-06-29,2023-06-29,30.0,100.0,-4,Complete,Cairo Structural Works,24278598.97,24278598.97,23898929.51,-379669.46,,
MIL-0324,HVW,Phase 2,Building A,Facade,2023-06-29,2023-07-28,2023-07-28,2023-07-28,40.0,100.0,-4,Complete,Prime MEP Solutions,33626850.45,33626850.45,32895157.97,-731692.48,,
MIL-0325,HVW,Phase 2,Building A,MEP,2023-07-28,2023-08-26,2023-10-03,2023-10-03,50.0,100.0,38,Complete (Delayed),Nile Engineering Contractors,57708599.31,61951513.15,63105685.13,5397085.82,Permit Delay,MEDIUM
MIL-0326,HVW,Phase 2,Building A,Internal Finishes,2023-08-26,2023-10-19,2023-10-26,2023-10-26,60.0,100.0,7,Complete,Horizon Build Partners,54135824.24,55422262.41,56504978.89,2369154.65,,
MIL-0327,HVW,Phase 2,Building A,Landscaping,2023-10-19,2023-12-01,2023-12-10,2023-12-10,70.0,100.0,9,Complete,Cairo Structural Works,31078252.82,31090001.97,31711567.02,633314.2,,
MIL-0328,HVW,Phase 2,Building A,Utilities Connection,2023-12-01,2024-01-23,2024-01-31,,80.0,0.0,8,Not Started,Prime MEP Solutions,25315542.73,25381644.46,0.0,-25315542.73,,
MIL-0329,HVW,Phase 2,Building A,Authority Approvals,2024-01-23,2024-03-22,2024-03-22,,90.0,0.0,-5,Not Started,Modern Facade Systems,33633604.95,34347499.42,0.0,-33633604.95,,
MIL-0330,HVW,Phase 2,Building A,Testing & Commissioning,2024-03-22,2024-04-28,2024-05-08,,100.0,0.0,10,Not Started,Delta Construction Group,45842190.89,45842190.89,0.0,-45842190.89,,
MIL-0331,HVW,Phase 2,Building B,Excavation,2023-01-01,2023-01-29,2023-01-31,2023-01-31,10.0,100.0,2,Complete,Delta Construction Group,53370280.23,54467973.81,55535379.41,2165099.18,,
MIL-0332,HVW,Phase 2,Building B,Foundations,2023-01-29,2023-03-27,2023-04-03,2023-04-03,20.0,100.0,7,Complete,Modern Facade Systems,10217516.67,10459940.96,10664291.29,446774.62,,
MIL-0333,HVW,Phase 2,Building B,Structural Frame,2023-03-27,2023-05-09,2023-05-30,2023-05-30,30.0,100.0,21,Complete (Delayed),Horizon Build Partners,56811622.2,61709850.7,62846083.15,6034460.95,Weather Delay,MEDIUM
MIL-0334,HVW,Phase 2,Building B,Facade,2023-05-09,2023-07-06,2023-08-14,2023-08-14,40.0,100.0,39,Complete (Delayed),Horizon Build Partners,54764588.24,59283634.88,60378926.64,5614338.4,Labor Shortage,MEDIUM
MIL-0335,HVW,Phase 2,Building B,MEP,2023-07-06,2023-08-16,2023-08-25,2023-08-25,50.0,100.0,9,Complete,Horizon Build Partners,10646123.77,10934014.78,11146937.25,500813.48,,
MIL-0336,HVW,Phase 2,Building B,Internal Finishes,2023-08-16,2023-09-11,2023-09-11,2023-09-11,60.0,100.0,-2,Complete,Nile Engineering Contractors,44520631.8,45325549.91,46215962.54,1695330.74,,
MIL-0337,HVW,Phase 2,Building B,Landscaping,2023-09-11,2023-11-17,2023-11-23,2023-11-23,70.0,100.0,6,Complete,Nile Engineering Contractors,30126692.18,30126692.18,30442526.22,315834.04,,
MIL-0338,HVW,Phase 2,Building B,Utilities Connection,2023-11-17,2023-12-12,2024-01-11,,80.0,0.0,30,Not Started,Cairo Structural Works,58083951.08,62656777.38,0.0,-58083951.08,Materials Procurement Delay,MEDIUM
MIL-0339,HVW,Phase 2,Building B,Authority Approvals,2023-12-12,2024-01-10,2024-01-10,,90.0,0.0,-3,Not Started,Cairo Structural Works,51872161.53,52790572.31,0.0,-51872161.53,,
MIL-0340,HVW,Phase 2,Building B,Testing & Commissioning,2024-01-10,2024-02-21,2024-02-21,,100.0,0.0,-4,Not Started,Nile Engineering Contractors,47337137.2,47337137.2,0.0,-47337137.2,,
MIL-0341,HVW,Phase 2,Building C,Excavation,2023-01-01,2023-02-17,2023-03-07,2023-03-07,10.0,100.0,18,Complete (Delayed),Prime MEP Solutions,51809316.13,51809316.13,50939329.87,-869986.26,Weather Delay,MEDIUM
MIL-0342,HVW,Phase 2,Building C,Foundations,2023-02-17,2023-03-17,2023-03-28,2023-03-28,20.0,100.0,11,Complete,Cairo Structural Works,11127756.87,11127756.87,11266020.88,138264.01,,
MIL-0343,HVW,Phase 2,Building C,Structural Frame,2023-03-17,2023-05-15,2023-05-23,2023-05-23,30.0,100.0,8,Complete,Horizon Build Partners,22985760.31,22985760.31,23148847.78,163087.47,,
MIL-0344,HVW,Phase 2,Building C,Facade,2023-05-15,2023-07-13,2023-07-29,2023-07-29,40.0,100.0,16,Complete (Delayed),Nile Engineering Contractors,17439459.78,17439459.78,17668361.04,228901.26,Materials Procurement Delay,MEDIUM
MIL-0345,HVW,Phase 2,Building C,MEP,2023-07-13,2023-09-02,2023-09-10,2023-09-10,50.0,100.0,8,Complete,Horizon Build Partners,9893079.18,10178250.64,10376112.23,483033.05,,
MIL-0346,HVW,Phase 2,Building C,Internal Finishes,2023-09-02,2023-10-05,2023-10-11,2023-10-11,60.0,100.0,6,Complete,Cairo Structural Works,34446643.42,34446643.42,34732133.98,285490.56,,
MIL-0347,HVW,Phase 2,Building C,Landscaping,2023-10-05,2023-12-04,2023-12-31,2023-12-31,70.0,100.0,27,Complete (Delayed),Delta Construction Group,27257480.55,27569019.3,28114168.91,856688.36,Labor Shortage,MEDIUM
MIL-0348,HVW,Phase 2,Building C,Utilities Connection,2023-12-04,2024-01-15,2024-01-18,,80.0,0.0,3,Not Started,Prime MEP Solutions,31164925.61,31652342.42,0.0,-31164925.61,,
MIL-0349,HVW,Phase 2,Building C,Authority Approvals,2024-01-15,2024-02-12,2024-02-13,,90.0,0.0,1,Not Started,Nile Engineering Contractors,9396597.37,9465535.31,0.0,-9396597.37,,
MIL-0350,HVW,Phase 2,Building C,Testing & Commissioning,2024-02-12,2024-03-13,2024-03-13,,100.0,0.0,-4,Not Started,Modern Facade Systems,49562945.14,49562945.14,0.0,-49562945.14,,
MIL-0351,HVW,Phase 2,Building D,Excavation,2023-01-01,2023-01-29,2023-02-25,2023-02-25,10.0,100.0,27,Complete (Delayed),Delta Construction Group,19372612.72,20910294.86,21297747.11,1925134.39,Weather Delay,MEDIUM
MIL-0352,HVW,Phase 2,Building D,Foundations,2023-01-29,2023-03-06,2023-03-10,2023-03-10,20.0,100.0,4,Complete,Cairo Structural Works,45342658.33,46151326.63,47058179.79,1715521.46,,
MIL-0353,HVW,Phase 2,Building D,Structural Frame,2023-03-06,2023-04-12,2023-04-12,2023-04-12,30.0,100.0,-5,Complete,Modern Facade Systems,18836075.53,18836075.53,18528901.97,-307173.56,,
MIL-0354,HVW,Phase 2,Building D,Facade,2023-04-12,2023-05-21,2023-05-21,2023-05-21,40.0,100.0,0,Complete,Horizon Build Partners,10351675.06,10644097.65,10851131.15,499456.09,,
MIL-0355,HVW,Phase 2,Building D,MEP,2023-05-21,2023-07-10,2023-07-10,2023-07-10,50.0,100.0,-3,Complete,Nile Engineering Contractors,33398520.19,33398520.19,33464665.31,66145.12,,
MIL-0356,HVW,Phase 2,Building D,Internal Finishes,2023-07-10,2023-08-19,2023-08-24,2023-08-24,60.0,100.0,5,Complete,Delta Construction Group,22709879.94,22709879.94,22973904.39,264024.45,,
MIL-0357,HVW,Phase 2,Building D,Landscaping,2023-08-19,2023-10-04,2023-10-07,2023-10-07,70.0,100.0,3,Complete,Nile Engineering Contractors,19778025.85,19778025.85,19515636.74,-262389.11,,
MIL-0358,HVW,Phase 2,Building D,Utilities Connection,2023-10-04,2023-12-03,2023-12-19,,80.0,0.0,16,Not Started,Nile Engineering Contractors,38415147.55,40382934.5,0.0,-38415147.55,Weather Delay,MEDIUM
MIL-0359,HVW,Phase 2,Building D,Authority Approvals,2023-12-03,2024-01-19,2024-02-05,,90.0,0.0,17,Not Started,Modern Facade Systems,10264893.14,10779009.45,0.0,-10264893.14,Weather Delay,MEDIUM
MIL-0360,HVW,Phase 2,Building D,Testing & Commissioning,2024-01-19,2024-03-24,2024-04-02,,100.0,0.0,9,Not Started,Modern Facade Systems,48563887.69,48681463.57,0.0,-48563887.69,,
MIL-0361,HVW,Phase 3,Building A,Excavation,2023-01-01,2023-03-09,2023-04-13,2023-04-13,10.0,100.0,35,Complete (Delayed),Delta Construction Group,52265046.35,52431982.23,53477283.16,1212236.81,Materials Procurement Delay,MEDIUM
MIL-0362,HVW,Phase 3,Building A,Foundations,2023-03-09,2023-05-10,2023-05-12,2023-05-12,20.0,100.0,2,Complete,Modern Facade Systems,41176437.97,41838457.49,42661986.25,1485548.28,,
MIL-0363,HVW,Phase 3,Building A,Structural Frame,2023-05-10,2023-06-12,2023-06-12,2023-06-12,30.0,100.0,-2,Complete,Modern Facade Systems,28823357.47,29491046.5,30067513.65,1244156.18,,
MIL-0364,HVW,Phase 3,Building A,Facade,2023-06-12,2023-08-17,2023-08-17,2023-08-17,40.0,100.0,-4,Complete,Modern Facade Systems,14964402.08,15152357.18,15451645.22,487243.14,,
MIL-0365,HVW,Phase 3,Building A,MEP,2023-08-17,2023-10-09,2023-10-09,2023-10-09,50.0,100.0,-4,Complete,Cairo Structural Works,15460870.81,15828781.34,16137998.75,677127.94,,
MIL-0366,HVW,Phase 3,Building A,Internal Finishes,2023-10-09,2023-11-08,2023-11-18,2023-11-18,60.0,100.0,10,Complete,Prime MEP Solutions,42191676.31,42191676.31,41961493.4,-230182.91,,
MIL-0367,HVW,Phase 3,Building A,Landscaping,2023-11-08,2023-12-18,2023-12-27,2023-12-27,70.0,100.0,9,Complete,Modern Facade Systems,22038675.88,22038675.88,21785241.59,-253434.29,,
MIL-0368,HVW,Phase 3,Building A,Utilities Connection,2023-12-18,2024-01-21,2024-01-21,,80.0,0.0,-3,Not Started,Prime MEP Solutions,22093390.06,22737397.15,0.0,-22093390.06,,
MIL-0369,HVW,Phase 3,Building A,Authority Approvals,2024-01-21,2024-03-17,2024-03-27,,90.0,0.0,10,Not Started,Delta Construction Group,49488139.96,49488139.96,0.0,-49488139.96,,
MIL-0370,HVW,Phase 3,Building A,Testing & Commissioning,2024-03-17,2024-05-09,2024-05-09,,100.0,0.0,-1,Not Started,Cairo Structural Works,29683928.39,29683928.39,0.0,-29683928.39,,
MIL-0371,HVW,Phase 3,Building B,Excavation,2023-01-01,2023-02-25,2023-02-25,2023-02-25,10.0,100.0,0,Complete,Prime MEP Solutions,9439283.31,9439283.31,9576248.04,136964.73,,
MIL-0372,HVW,Phase 3,Building B,Foundations,2023-02-25,2023-04-01,2023-04-21,2023-04-21,20.0,100.0,20,Complete (Delayed),Nile Engineering Contractors,18391101.48,18909861.91,19277683.94,886582.46,Labor Shortage,MEDIUM
MIL-0373,HVW,Phase 3,Building B,Structural Frame,2023-04-01,2023-05-07,2023-06-15,2023-06-15,30.0,100.0,39,Complete (Delayed),Nile Engineering Contractors,54741260.35,58274604.8,59369430.0,4628169.65,Weather Delay,MEDIUM
MIL-0374,HVW,Phase 3,Building B,Facade,2023-05-07,2023-07-04,2023-07-04,2023-07-04,40.0,100.0,0,Complete,Horizon Build Partners,20216225.0,20677703.76,21082028.26,865803.26,,
MIL-0375,HVW,Phase 3,Building B,MEP,2023-07-04,2023-09-07,2023-09-10,2023-09-10,50.0,100.0,3,Complete,Modern Facade Systems,10994421.28,10994421.28,11100227.95,105806.67,,
MIL-0376,HVW,Phase 3,Building B,Internal Finishes,2023-09-07,2023-11-03,2023-11-11,2023-11-11,60.0,100.0,8,Complete,Horizon Build Partners,35726832.88,35726832.88,35836169.71,109336.83,,
MIL-0377,HVW,Phase 3,Building B,Landscaping,2023-11-03,2023-12-08,2023-12-10,2023-12-10,70.0,100.0,2,Complete,Horizon Build Partners,20993431.01,20993431.01,20784730.86,-208700.15,,
MIL-0378,HVW,Phase 3,Building B,Utilities Connection,2023-12-08,2024-01-13,2024-01-14,,80.0,0.0,1,Not Started,Horizon Build Partners,25243576.81,25745460.16,0.0,-25243576.81,,
MIL-0379,HVW,Phase 3,Building B,Authority Approvals,2024-01-13,2024-02-09,2024-03-04,,90.0,0.0,24,Not Started,Cairo Structural Works,56206704.84,59613104.84,0.0,-56206704.84,Labor Shortage,MEDIUM
MIL-0380,HVW,Phase 3,Building B,Testing & Commissioning,2024-02-09,2024-03-20,2024-03-29,,100.0,0.0,9,Not Started,Nile Engineering Contractors,14301389.9,14593639.86,0.0,-14301389.9,,
MIL-0381,HVW,Phase 3,Building C,Excavation,2023-01-01,2023-02-02,2023-02-02,2023-02-02,10.0,100.0,-4,Complete,Horizon Build Partners,39419772.66,39419772.66,40050373.7,630601.04,,
MIL-0382,HVW,Phase 3,Building C,Foundations,2023-02-02,2023-03-22,2023-03-23,2023-03-23,20.0,100.0,1,Complete,Delta Construction Group,55881856.88,55881856.88,54892289.6,-989567.28,,
MIL-0383,HVW,Phase 3,Building C,Structural Frame,2023-03-22,2023-04-30,2023-05-04,2023-05-04,30.0,100.0,4,Complete,Delta Construction Group,21440526.67,21440526.67,20914452.09,-526074.58,,
MIL-0384,HVW,Phase 3,Building C,Facade,2023-04-30,2023-06-10,2023-06-14,2023-06-14,40.0,100.0,4,Complete,Modern Facade Systems,55087708.95,55087708.95,55085205.87,-2503.08,,
MIL-0385,HVW,Phase 3,Building C,MEP,2023-06-10,2023-07-21,2023-08-01,2023-08-01,50.0,100.0,11,Complete,Modern Facade Systems,32719294.24,32719294.24,32438990.16,-280304.08,,
MIL-0386,HVW,Phase 3,Building C,Internal Finishes,2023-07-21,2023-09-06,2023-09-07,2023-09-07,60.0,100.0,1,Complete,Delta Construction Group,11285984.5,11285984.5,11111443.35,-174541.15,,
MIL-0387,HVW,Phase 3,Building C,Landscaping,2023-09-06,2023-10-25,2023-10-25,2023-10-25,70.0,100.0,-1,Complete,Nile Engineering Contractors,53760574.2,53873501.43,54948712.91,1188138.71,,
MIL-0388,HVW,Phase 3,Building C,Utilities Connection,2023-10-25,2023-12-29,2024-01-01,,80.0,0.0,3,Not Started,Horizon Build Partners,25484790.18,26118827.82,0.0,-25484790.18,,
MIL-0389,HVW,Phase 3,Building C,Authority Approvals,2023-12-29,2024-02-14,2024-02-14,,90.0,0.0,0,Not Started,Nile Engineering Contractors,13449226.84,13652329.89,0.0,-13449226.84,,
MIL-0390,HVW,Phase 3,Building C,Testing & Commissioning,2024-02-14,2024-03-30,2024-04-02,,100.0,0.0,3,Not Started,Horizon Build Partners,37914074.6,38091468.99,0.0,-37914074.6,,
MIL-0391,HVW,Phase 3,Building D,Excavation,2023-01-01,2023-02-23,2023-03-01,2023-03-01,10.0,100.0,6,Complete,Prime MEP Solutions,27289255.94,27612211.64,28157996.76,868740.82,,
MIL-0392,HVW,Phase 3,Building D,Foundations,2023-02-23,2023-03-27,2023-03-27,2023-03-27,20.0,100.0,-1,Complete,Nile Engineering Contractors,26913010.35,26913010.35,26921807.34,8796.99,,
MIL-0393,HVW,Phase 3,Building D,Structural Frame,2023-03-27,2023-05-15,2023-05-25,2023-05-25,30.0,100.0,10,Complete,Prime MEP Solutions,27276697.81,27442700.77,27988234.72,711536.91,,
MIL-0394,HVW,Phase 3,Building D,Facade,2023-05-15,2023-07-08,2023-07-08,2023-07-08,40.0,100.0,-2,Complete,Nile Engineering Contractors,27459715.29,27459715.29,26904460.81,-555254.48,,
MIL-0395,HVW,Phase 3,Building D,MEP,2023-07-08,2023-09-09,2023-09-19,2023-09-19,50.0,100.0,10,Complete,Prime MEP Solutions,24621896.45,24621896.45,24435704.33,-186192.12,,
MIL-0396,HVW,Phase 3,Building D,Internal Finishes,2023-09-09,2023-11-17,2023-11-23,2023-11-23,60.0,100.0,6,Complete,Horizon Build Partners,20260487.7,20260487.7,20382692.41,122204.71,,
MIL-0397,HVW,Phase 3,Building D,Landscaping,2023-11-17,2024-01-14,2024-02-22,2024-02-22,70.0,100.0,39,Complete (Delayed),Modern Facade Systems,51263849.37,51263849.37,51271608.02,7758.65,Permit Delay,MEDIUM
MIL-0398,HVW,Phase 3,Building D,Utilities Connection,2024-01-14,2024-02-21,2024-03-03,,80.0,0.0,11,Not Started,Nile Engineering Contractors,42024552.44,42024552.44,0.0,-42024552.44,,
MIL-0399,HVW,Phase 3,Building D,Authority Approvals,2024-02-21,2024-03-23,2024-03-23,,90.0,0.0,-1,Not Started,Prime MEP Solutions,25320085.11,25345110.8,0.0,-25320085.11,,
MIL-0400,HVW,Phase 3,Building D,Testing & Commissioning,2024-03-23,2024-05-03,2024-05-13,,100.0,0.0,10,Not Started,Prime MEP Solutions,31909536.02,31909536.02,0.0,-31909536.02,,
MIL-0401,MER,Phase 1,Building A,Excavation,2021-01-15,2021-02-16,2021-03-31,2021-03-31,10.0,100.0,43,Complete (Delayed),Cairo Structural Works,42479025.96,46472292.99,47321873.51,4842847.55,Permit Delay,MEDIUM
MIL-0402,MER,Phase 1,Building A,Foundations,2021-02-16,2021-03-25,2021-03-27,2021-03-27,20.0,100.0,2,Complete,Modern Facade Systems,10104814.82,10104814.82,10270301.8,165486.98,,
MIL-0403,MER,Phase 1,Building A,Structural Frame,2021-03-25,2021-05-04,2021-05-04,2021-05-04,30.0,100.0,-4,Complete,Horizon Build Partners,12609771.09,12609771.09,12502642.98,-107128.11,,
MIL-0404,MER,Phase 1,Building A,Facade,2021-05-04,2021-07-03,2021-07-06,2021-07-06,40.0,100.0,3,Complete,Delta Construction Group,43099638.34,43607494.48,44469487.25,1369848.91,,
MIL-0405,MER,Phase 1,Building A,MEP,2021-07-03,2021-08-28,2021-08-29,2021-08-29,50.0,100.0,1,Complete,Prime MEP Solutions,31636019.76,31636019.76,31020015.39,-616004.37,,
MIL-0406,MER,Phase 1,Building A,Internal Finishes,2021-08-28,2021-10-15,2021-10-26,2021-10-26,60.0,100.0,11,Complete,Cairo Structural Works,52281491.67,53695827.04,54741456.87,2459965.2,,
MIL-0407,MER,Phase 1,Building A,Landscaping,2021-10-15,2021-11-12,2021-11-12,2021-11-12,70.0,100.0,-3,Complete,Modern Facade Systems,15466603.55,15466603.55,15344287.01,-122316.54,,
MIL-0408,MER,Phase 1,Building A,Utilities Connection,2021-11-12,2021-12-14,2021-12-14,2021-12-14,80.0,100.0,-2,Complete,Delta Construction Group,48726514.11,48726514.11,47756363.92,-970150.19,,
MIL-0409,MER,Phase 1,Building A,Authority Approvals,2021-12-14,2022-01-26,2022-02-18,2022-02-18,90.0,100.0,23,Complete (Delayed),Horizon Build Partners,59768919.92,65400802.06,66596180.45,6827260.53,Materials Procurement Delay,MEDIUM
MIL-0410,MER,Phase 1,Building A,Testing & Commissioning,2022-01-26,2022-04-05,2022-04-08,2022-04-08,100.0,100.0,3,Complete,Cairo Structural Works,34777478.68,34777478.68,34920332.75,142854.07,,
MIL-0411,MER,Phase 1,Building B,Excavation,2021-01-15,2021-03-13,2021-03-19,2021-03-19,10.0,100.0,6,Complete,Prime MEP Solutions,20085724.28,20169682.05,20571396.54,485672.26,,
MIL-0412,MER,Phase 1,Building B,Foundations,2021-03-13,2021-04-25,2021-04-25,2021-04-25,20.0,100.0,-4,Complete,Delta Construction Group,42988501.21,43147512.64,44007282.66,1018781.45,,
MIL-0413,MER,Phase 1,Building B,Structural Frame,2021-04-25,2021-06-16,2021-06-16,2021-06-16,30.0,100.0,-5,Complete,Prime MEP Solutions,33142416.04,33668338.54,34331186.86,1188770.82,,
MIL-0414,MER,Phase 1,Building B,Facade,2021-06-16,2021-08-09,2021-08-13,2021-08-13,40.0,100.0,4,Complete,Nile Engineering Contractors,54334316.32,54356104.65,55442790.98,1108474.66,,
MIL-0415,MER,Phase 1,Building B,MEP,2021-08-09,2021-10-15,2021-10-23,2021-10-23,50.0,100.0,8,Complete,Nile Engineering Contractors,45434352.22,45434352.22,45288107.33,-146244.89,,
MIL-0416,MER,Phase 1,Building B,Internal Finishes,2021-10-15,2021-12-11,2021-12-12,2021-12-12,60.0,100.0,1,Complete,Prime MEP Solutions,32374290.68,32374290.68,31944936.24,-429354.44,,
MIL-0417,MER,Phase 1,Building B,Landscaping,2021-12-11,2022-01-31,2022-01-31,2022-01-31,70.0,100.0,0,Complete,Modern Facade Systems,42570565.15,42570565.15,43283749.01,713183.86,,
MIL-0418,MER,Phase 1,Building B,Utilities Connection,2022-01-31,2022-02-26,2022-02-26,2022-02-26,80.0,100.0,-1,Complete,Nile Engineering Contractors,20947850.93,20947850.93,20936901.41,-10949.52,,
MIL-0419,MER,Phase 1,Building B,Authority Approvals,2022-02-26,2022-04-10,2022-04-26,2022-04-26,90.0,100.0,16,Complete (Delayed),Horizon Build Partners,54496611.74,56361655.41,57451587.65,2954975.91,Weather Delay,MEDIUM
MIL-0420,MER,Phase 1,Building B,Testing & Commissioning,2022-04-10,2022-05-13,2022-05-19,2022-05-19,100.0,100.0,6,Complete,Prime MEP Solutions,34803503.3,35656731.87,36352801.94,1549298.64,,
MIL-0421,MER,Phase 1,Building C,Excavation,2021-01-15,2021-03-16,2021-03-24,2021-03-24,10.0,100.0,8,Complete,Cairo Structural Works,28053384.65,28053384.65,28068597.72,15213.07,,
MIL-0422,MER,Phase 1,Building C,Foundations,2021-03-16,2021-05-02,2021-05-29,2021-05-29,20.0,100.0,27,Complete (Delayed),Modern Facade Systems,24114927.76,24114927.76,24385952.49,271024.73,Labor Shortage,MEDIUM
MIL-0423,MER,Phase 1,Building C,Structural Frame,2021-05-02,2021-06-18,2021-06-26,2021-06-26,30.0,100.0,8,Complete,Nile Engineering Contractors,16502484.17,16502484.17,16011427.3,-491056.87,,
MIL-0424,MER,Phase 1,Building C,Facade,2021-06-18,2021-07-16,2021-07-16,2021-07-16,40.0,100.0,-5,Complete,Cairo Structural Works,44368443.06,44368443.06,43655196.08,-713246.98,,
MIL-0425,MER,Phase 1,Building C,MEP,2021-07-16,2021-09-10,2021-11-05,2021-11-05,50.0,100.0,56,Complete (Delayed),Cairo Structural Works,39559989.14,39559989.14,38538675.51,-1021313.63,Finishing Contractor Delay,MEDIUM
MIL-0426,MER,Phase 1,Building C,Internal Finishes,2021-09-10,2021-11-10,2022-01-24,,60.0,74.1,75,At Risk,Modern Facade Systems,55872982.06,58680736.0,59798195.64,3925213.58,MEP Subcontractor Delay,MEDIUM
MIL-0427,MER,Phase 1,Building C,Landscaping,2021-11-10,2021-12-16,2021-12-18,2021-12-18,70.0,100.0,2,Complete,Cairo Structural Works,18823326.79,19257953.79,19634420.32,811093.53,,
MIL-0428,MER,Phase 1,Building C,Utilities Connection,2021-12-16,2022-02-19,2022-02-24,2022-02-24,80.0,100.0,5,Complete,Nile Engineering Contractors,38909736.47,39100485.67,39878680.4,968943.93,,
MIL-0429,MER,Phase 1,Building C,Authority Approvals,2022-02-19,2022-04-04,2022-04-10,2022-04-10,90.0,100.0,6,Complete,Modern Facade Systems,38289768.89,38289768.89,38572209.52,282440.63,,
MIL-0430,MER,Phase 1,Building C,Testing & Commissioning,2022-04-04,2022-05-29,2022-09-04,,100.0,63.1,98,Delayed,Cairo Structural Works,19838890.32,21265222.77,21662000.57,1823110.25,MEP Subcontractor Delay,HIGH
MIL-0431,MER,Phase 1,Building D,Excavation,2021-01-15,2021-03-18,2021-03-27,2021-03-27,10.0,100.0,9,Complete,Nile Engineering Contractors,51310188.4,51310188.4,50782476.96,-527711.44,,
MIL-0432,MER,Phase 1,Building D,Foundations,2021-03-18,2021-05-12,2021-05-20,2021-05-20,20.0,100.0,8,Complete,Prime MEP Solutions,9425611.41,9684091.72,9872603.95,446992.54,,
MIL-0433,MER,Phase 1,Building D,Structural Frame,2021-05-12,2021-06-24,2021-06-24,2021-06-24,30.0,100.0,-4,Complete,Nile Engineering Contractors,59265098.83,59424666.45,60609968.42,1344869.59,,
MIL-0434,MER,Phase 1,Building D,Facade,2021-06-24,2021-07-31,2021-07-31,2021-07-31,40.0,100.0,-5,Complete,Delta Construction Group,29833973.36,30181229.44,30777908.91,943935.55,,
MIL-0435,MER,Phase 1,Building D,MEP,2021-07-31,2021-09-11,2021-12-11,2021-12-11,50.0,100.0,91,Complete (Delayed),Horizon Build Partners,49391101.93,51495589.23,52483411.27,3092309.34,MEP Subcontractor Delay,HIGH
MIL-0436,MER,Phase 1,Building D,Internal Finishes,2021-09-11,2021-11-16,2022-02-12,,60.0,35.5,88,Delayed,Horizon Build Partners,13477846.55,13477846.55,13116536.29,-361310.26,Materials Procurement Delay,HIGH
MIL-0437,MER,Phase 1,Building D,Landscaping,2021-11-16,2022-01-11,2022-01-12,2022-01-12,70.0,100.0,1,Complete,Horizon Build Partners,48353641.67,48353641.67,47203372.73,-1150268.94,,
MIL-0438,MER,Phase 1,Building D,Utilities Connection,2022-01-11,2022-03-12,2022-03-13,2022-03-13,80.0,100.0,1,Complete,Nile Engineering Contractors,47093812.41,47093812.41,47456163.81,362351.4,,
MIL-0439,MER,Phase 1,Building D,Authority Approvals,2022-03-12,2022-04-19,2022-04-26,2022-04-26,90.0,100.0,7,Complete,Delta Construction Group,28006510.7,28572756.59,29132886.8,1126376.1,,
MIL-0440,MER,Phase 1,Building D,Testing & Commissioning,2022-04-19,2022-05-15,2022-09-14,,100.0,74.2,122,Delayed,Prime MEP Solutions,50927770.71,50990820.71,52009376.13,1081605.42,MEP Subcontractor Delay,HIGH
MIL-0441,MER,Phase 2,Building A,Excavation,2021-01-15,2021-03-22,2021-03-30,2021-03-30,10.0,100.0,8,Complete,Prime MEP Solutions,59308628.76,59308628.76,58027832.92,-1280795.84,,
MIL-0442,MER,Phase 2,Building A,Foundations,2021-03-22,2021-05-01,2021-05-07,2021-05-07,20.0,100.0,6,Complete,Prime MEP Solutions,18077983.38,18249327.68,18610887.35,532903.97,,
MIL-0443,MER,Phase 2,Building A,Structural Frame,2021-05-01,2021-06-17,2021-06-18,2021-06-18,30.0,100.0,1,Complete,Horizon Build Partners,25859955.69,25859955.69,25790457.27,-69498.42,,
MIL-0444,MER,Phase 2,Building A,Facade,2021-06-17,2021-08-18,2021-08-24,2021-08-24,40.0,100.0,6,Complete,Prime MEP Solutions,57297462.57,57297462.57,56212617.8,-1084844.77,,
MIL-0445,MER,Phase 2,Building A,MEP,2021-08-18,2021-09-24,2021-09-29,2021-09-29,50.0,100.0,5,Complete,Nile Engineering Contractors,30596766.42,30596766.42,30176975.24,-419791.18,,
MIL-0446,MER,Phase 2,Building A,Internal Finishes,2021-09-24,2021-11-13,2021-12-08,2021-12-08,60.0,100.0,25,Complete (Delayed),Nile Engineering Contractors,30974432.74,32160377.01,32779865.66,1805432.92,Materials Procurement Delay,MEDIUM
MIL-0447,MER,Phase 2,Building A,Landscaping,2021-11-13,2021-12-18,2021-12-21,2021-12-21,70.0,100.0,3,Complete,Modern Facade Systems,32942040.85,32942040.85,33541025.54,598984.69,,
MIL-0448,MER,Phase 2,Building A,Utilities Connection,2021-12-18,2022-02-01,2022-02-06,2022-02-06,80.0,100.0,5,Complete,Nile Engineering Contractors,45100595.95,45100595.95,45913004.92,812408.97,,
MIL-0449,MER,Phase 2,Building A,Authority Approvals,2022-02-01,2022-03-10,2022-03-16,2022-03-16,90.0,100.0,6,Complete,Prime MEP Solutions,38977632.76,39161517.12,39941069.78,963437.02,,
MIL-0450,MER,Phase 2,Building A,Testing & Commissioning,2022-03-10,2022-04-13,2022-04-13,2022-04-13,100.0,100.0,-5,Complete,Cairo Structural Works,53268084.39,53268084.39,52015476.53,-1252607.86,,
MIL-0451,MER,Phase 2,Building B,Excavation,2021-01-15,2021-02-14,2021-02-15,2021-02-15,10.0,100.0,1,Complete,Horizon Build Partners,29756896.88,29756896.88,29544755.18,-212141.7,,
MIL-0452,MER,Phase 2,Building B,Foundations,2021-02-14,2021-03-30,2021-04-08,2021-04-08,20.0,100.0,9,Complete,Delta Construction Group,9106259.24,9106259.24,9226233.94,119974.7,,
MIL-0453,MER,Phase 2,Building B,Structural Frame,2021-03-30,2021-05-01,2021-05-11,2021-05-11,30.0,100.0,10,Complete,Nile Engineering Contractors,34446854.72,34550391.13,35239328.23,792473.51,,
MIL-0454,MER,Phase 2,Building B,Facade,2021-05-01,2021-06-08,2021-06-18,2021-06-18,40.0,100.0,10,Complete,Cairo Structural Works,15792226.7,15792226.7,16062817.05,270590.35,,
MIL-0455,MER,Phase 2,Building B,MEP,2021-06-08,2021-08-05,2021-08-05,2021-08-05,50.0,100.0,-4,Complete,Delta Construction Group,27943019.24,28603860.97,29162721.35,1219702.11,,
MIL-0456,MER,Phase 2,Building B,Internal Finishes,2021-08-05,2021-09-09,2021-09-09,2021-09-09,60.0,100.0,-4,Complete,Nile Engineering Contractors,48310497.12,48310497.12,47336548.92,-973948.2,,
MIL-0457,MER,Phase 2,Building B,Landscaping,2021-09-09,2021-10-20,2021-10-21,2021-10-21,70.0,100.0,1,Complete,Horizon Build Partners,47829650.04,48138167.77,49094760.77,1265110.73,,
MIL-0458,MER,Phase 2,Building B,Utilities Connection,2021-10-20,2021-12-03,2022-01-02,2022-01-02,80.0,100.0,30,Complete (Delayed),Nile Engineering Contractors,59446460.81,63505804.51,64694733.73,5248272.92,Weather Delay,MEDIUM
MIL-0459,MER,Phase 2,Building B,Authority Approvals,2021-12-03,2022-01-18,2022-01-18,2022-01-18,90.0,100.0,0,Complete,Nile Engineering Contractors,45779044.62,46848688.53,47764269.43,1985224.81,,
MIL-0460,MER,Phase 2,Building B,Testing & Commissioning,2022-01-18,2022-03-18,2022-04-17,2022-04-17,100.0,100.0,30,Complete (Delayed),Prime MEP Solutions,46476040.73,47810659.15,48740179.97,2264139.24,Materials Procurement Delay,MEDIUM
MIL-0461,MER,Phase 2,Building C,Excavation,2021-01-15,2021-03-07,2021-04-02,2021-04-02,10.0,100.0,26,Complete (Delayed),Delta Construction Group,47764253.51,47764253.51,47943615.94,179362.43,Materials Procurement Delay,MEDIUM
MIL-0462,MER,Phase 2,Building C,Foundations,2021-03-07,2021-04-17,2021-04-19,2021-04-19,20.0,100.0,2,Complete,Cairo Structural Works,22628758.9,22628758.9,22329864.69,-298894.21,,
MIL-0463,MER,Phase 2,Building C,Structural Frame,2021-04-17,2021-06-19,2021-06-25,2021-06-25,30.0,100.0,6,Complete,Cairo Structural Works,26369740.57,26369740.57,26037866.69,-331873.88,,
MIL-0464,MER,Phase 2,Building C,Facade,2021-06-19,2021-07-24,2021-08-14,2021-08-14,40.0,100.0,21,Complete (Delayed),Prime MEP Solutions,58563898.78,58676585.03,59847863.01,1283964.23,Weather Delay,MEDIUM
MIL-0465,MER,Phase 2,Building C,MEP,2021-07-24,2021-09-30,2022-01-17,2022-01-17,50.0,100.0,109,Complete (Delayed),Delta Construction Group,17176374.9,17176374.9,16884418.51,-291956.39,MEP Subcontractor Delay,HIGH
MIL-0466,MER,Phase 2,Building C,Internal Finishes,2021-09-30,2021-11-21,2022-02-07,,60.0,35.9,78,At Risk,Cairo Structural Works,17549959.14,17549959.14,17530068.34,-19890.8,Materials Procurement Delay,MEDIUM
MIL-0467,MER,Phase 2,Building C,Landscaping,2021-11-21,2022-01-14,2022-01-24,2022-01-24,70.0,100.0,10,Complete,Prime MEP Solutions,9785420.41,9785420.41,9608188.46,-177231.95,,
MIL-0468,MER,Phase 2,Building C,Utilities Connection,2022-01-14,2022-02-20,2022-03-17,2022-03-17,80.0,100.0,25,Complete (Delayed),Cairo Structural Works,48715370.64,51727639.7,52701947.11,3986576.47,Labor Shortage,MEDIUM
MIL-0469,MER,Phase 2,Building C,Authority Approvals,2022-02-20,2022-03-21,2022-03-31,2022-03-31,90.0,100.0,10,Complete,Modern Facade Systems,31535253.5,32141753.44,32772458.51,1237205.01,,
MIL-0470,MER,Phase 2,Building C,Testing & Commissioning,2022-03-21,2022-04-23,2022-07-11,,100.0,66.6,79,At Risk,Nile Engineering Contractors,30324660.47,31232204.18,31838697.39,1514036.92,MEP Subcontractor Delay,MEDIUM
MIL-0471,MER,Phase 2,Building D,Excavation,2021-01-15,2021-02-27,2021-03-08,2021-03-08,10.0,100.0,9,Complete,Horizon Build Partners,42856533.86,42861239.14,43718369.81,861835.95,,
MIL-0472,MER,Phase 2,Building D,Foundations,2021-02-27,2021-04-03,2021-04-03,2021-04-03,20.0,100.0,0,Complete,Modern Facade Systems,38099313.99,38804738.6,39566724.88,1467410.89,,
MIL-0473,MER,Phase 2,Building D,Structural Frame,2021-04-03,2021-04-28,2021-04-28,2021-04-28,30.0,100.0,-2,Complete,Nile Engineering Contractors,41186728.05,41186728.05,40471012.24,-715715.81,,
MIL-0474,MER,Phase 2,Building D,Facade,2021-04-28,2021-06-13,2021-06-21,2021-06-21,40.0,100.0,8,Complete,Horizon Build Partners,56116259.91,56116259.91,54851694.51,-1264565.4,,
MIL-0475,MER,Phase 2,Building D,MEP,2021-06-13,2021-08-21,2021-12-18,2021-12-18,50.0,100.0,119,Complete (Delayed),Cairo Structural Works,35826886.84,37167149.9,37883687.64,2056800.8,MEP Subcontractor Delay,HIGH
MIL-0476,MER,Phase 2,Building D,Internal Finishes,2021-08-21,2021-09-25,2021-12-14,,60.0,74.6,80,Delayed,Prime MEP Solutions,45244419.02,48879646.62,49784535.0,4540115.98,MEP Subcontractor Delay,HIGH
MIL-0477,MER,Phase 2,Building D,Landscaping,2021-09-25,2021-10-25,2021-10-28,2021-10-28,70.0,100.0,3,Complete,Horizon Build Partners,42240430.07,42240430.07,42413348.84,172918.77,,
MIL-0478,MER,Phase 2,Building D,Utilities Connection,2021-10-25,2021-12-11,2021-12-11,2021-12-11,80.0,100.0,-2,Complete,Horizon Build Partners,55859833.69,55888666.27,57005862.94,1146029.25,,
MIL-0479,MER,Phase 2,Building D,Authority Approvals,2021-12-11,2022-01-20,2022-01-28,2022-01-28,90.0,100.0,8,Complete,Horizon Build Partners,44265422.15,44265422.15,44808819.81,543397.66,,
MIL-0480,MER,Phase 2,Building D,Testing & Commissioning,2022-01-20,2022-03-19,2022-05-17,,100.0,41.2,59,At Risk,Horizon Build Partners,30932810.19,33629409.58,34248065.79,3315255.6,MEP Subcontractor Delay,MEDIUM
